t_unity_shifted,x_unity,y_unity,z_unity,qx_unity,qy_unity,qz_unity,qw_unity
-0.003678952473958,0.001939222,1.146193,0.01076883,0.01197885,-0.01520057,-0.006076993,0.9997943
0.009870852213542,0.001940835,1.146206,0.01071733,0.01203515,-0.0152383,-0.006049068,0.9997932
0.024107302408854,0.001940275,1.146233,0.01067248,0.01196802,-0.01524027,-0.006007909,0.9997942
0.038046206217448,0.001908226,1.146242,0.01062885,0.01179941,-0.01536499,-0.005950242,0.9997946
0.051603640299479,0.001860445,1.146273,0.01059958,0.01153421,-0.01541732,-0.006126715,0.9997959
0.065832461100261,0.001828646,1.146324,0.01057225,0.01117716,-0.01540266,-0.006195678,0.9997997
0.079824770670573,0.001834538,1.1464,0.01054621,0.01086618,-0.01541634,-0.006156049,0.9998032
0.093702639322917,0.001846073,1.14647,0.01052435,0.01056193,-0.01540203,-0.006197502,0.9998065
0.107282961588542,0.001852557,1.146535,0.01051558,0.01029965,-0.01539104,-0.006214835,0.9998092
0.121473635416667,0.0018447,1.146554,0.01052845,0.01007114,-0.01527085,-0.006219439,0.9998134
0.135458315592448,0.001834109,1.146561,0.01055789,0.009955227,-0.01515807,-0.00628877,0.9998158
0.149008120279948,0.001836678,1.146555,0.01058309,0.009863103,-0.01506854,-0.006379868,0.9998174
0.163221682291667,0.001852257,1.146554,0.01059641,0.009905966,-0.01494831,-0.006426505,0.9998186
0.177145327311198,0.001868594,1.146535,0.01061638,0.009994673,-0.01486657,-0.006374312,0.9998192
0.190748537760417,0.001881236,1.146484,0.01064324,0.01018552,-0.01477405,-0.006271078,0.9998193
0.205000246744792,0.001897009,1.146403,0.01072163,0.01061919,-0.0146849,-0.006185398,0.9998167
0.219015444498698,0.001910063,1.146318,0.01079714,0.01098582,-0.01467684,-0.006162332,0.999813
0.232771242838542,0.001913359,1.146243,0.0108506,0.01140882,-0.01459422,-0.006152604,0.9998095
0.246328676920573,0.001910977,1.146174,0.01090277,0.0118442,-0.01459123,-0.006157442,0.9998044
0.260610903483073,0.001909072,1.146116,0.01096283,0.01217861,-0.01467512,-0.006046216,0.9997999
0.274580324869792,0.001886558,1.146041,0.01101766,0.01251723,-0.0147981,-0.005998052,0.9997942
0.288130129557292,0.001850424,1.145965,0.01106998,0.01285324,-0.01494121,-0.005935561,0.9997882
0.302366579752604,0.001822805,1.145898,0.0111255,0.01317799,-0.01498929,-0.005955445,0.999783
0.316267336588542,0.001820751,1.145837,0.01118521,0.01345443,-0.01505699,-0.006001127,0.9997782
0.329870547037761,0.001842905,1.145799,0.01124138,0.01374737,-0.01513004,-0.006109844,0.9997724
0.344168032389323,0.001854075,1.145769,0.01129967,0.01397181,-0.01516074,-0.006206222,0.9997682
0.358084048014323,0.001856191,1.145755,0.01138418,0.01407699,-0.01521595,-0.006418813,0.9997646
0.371694887858073,0.001861984,1.145757,0.01147247,0.01422885,-0.01515847,-0.006457257,0.999763
0.385977114420573,0.001883235,1.145778,0.01155463,0.01418278,-0.01505592,-0.006478905,0.9997651
0.399931277018229,0.001948776,1.145796,0.01160548,0.01421365,-0.01497558,-0.006583884,0.9997652
0.413832033854167,0.002024289,1.145809,0.01165056,0.01422426,-0.01481179,-0.006670168,0.9997669
0.427450503092448,0.002098123,1.145826,0.01168263,0.01417045,-0.01447161,-0.006762371,0.999772
0.441618288736979,0.002153579,1.145823,0.01170944,0.01393599,-0.01423573,-0.006835281,0.9997782
0.455618227701823,0.002218712,1.145884,0.01173125,0.01347906,-0.01401612,-0.006857895,0.9997874
0.469213808756511,0.002276301,1.146007,0.01174059,0.0127602,-0.01393234,-0.006914254,0.9997976
0.483435000162761,0.002322523,1.146136,0.011727,0.01207406,-0.01379305,-0.007122811,0.9998066
0.497373903971354,0.002376519,1.146282,0.0116767,0.01145276,-0.01368117,-0.007173867,0.9998151
0.510893191080729,0.002414145,1.146411,0.01159022,0.0108584,-0.01364938,-0.007144923,0.9998224
0.525045717936198,0.002444847,1.146586,0.01147056,0.009902741,-0.01369034,-0.006992817,0.9998328
0.539144839029948,0.002466083,1.146876,0.01133669,0.008252713,-0.01373829,-0.006633504,0.9998496
0.552938784342448,0.002501706,1.147242,0.01119501,0.006177657,-0.01385375,-0.006419465,0.9998644
0.566511477213542,0.00251952,1.147768,0.01091515,0.003971331,-0.01392222,-0.006467007,0.9998744
0.580740298014323,0.002561534,1.14808,0.01065233,0.001937359,-0.01395379,-0.006465152,0.9998799
0.594694460611979,0.002589341,1.148394,0.01033714,-2.342841E-06,-0.01403059,-0.006392324,0.9998811
0.608297671061198,0.002596458,1.148771,0.01003441,-0.001910529,-0.01421734,-0.006223852,0.9998778
0.622473086100261,0.002640013,1.149237,0.009733985,-0.00425773,-0.01454559,-0.006136475,0.9998663
0.636450136881511,0.002643974,1.149673,0.009382912,-0.006940143,-0.014617,-0.006050237,0.9998509
0.650030459147136,0.002703642,1.150125,0.008997591,-0.009584703,-0.01484069,-0.006030689,0.9998258
0.664221132975261,0.002750292,1.150551,0.008603017,-0.01220723,-0.01494894,-0.0059461,0.9997961
0.678076113444011,0.002819002,1.151072,0.00818716,-0.01480459,-0.01503183,-0.00592296,0.9997599
0.691603029947917,0.002838509,1.151678,0.007785441,-0.01777088,-0.01500624,-0.006091497,0.9997109
0.705747927408854,0.002875281,1.152268,0.007343085,-0.02113236,-0.0150953,-0.006175146,0.9996437
0.719854677897136,0.002942545,1.152842,0.006930432,-0.02465995,-0.01529428,-0.006352526,0.9995587
0.733724917154948,0.003005909,1.153494,0.006483584,-0.02817766,-0.01530834,-0.006384983,0.9994653
0.747396792154948,0.003080554,1.154243,0.006050108,-0.03214392,-0.01519868,-0.006347878,0.9993476
0.761358584147136,0.003145864,1.154966,0.005577352,-0.03631582,-0.01509866,-0.006400107,0.9992058
0.775366152506511,0.003238352,1.155677,0.00510854,-0.04054597,-0.01495784,-0.006570241,0.9990442
0.788969362955729,0.003357483,1.156371,0.004591794,-0.0446693,-0.01473352,-0.006724441,0.9988706
0.803129519205729,0.003463401,1.157123,0.004055677,-0.04876528,-0.01446879,-0.006723179,0.9986829
0.817068423014323,0.003553549,1.157957,0.003495212,-0.05328015,-0.01412455,-0.006594892,0.9984579
0.830648745279948,0.003653251,1.158816,0.002941921,-0.05813881,-0.01386917,-0.006578208,0.9981905
0.844854677897136,0.003727162,1.159687,0.00232248,-0.06317069,-0.01352875,-0.006554835,0.9978896
0.858938540201823,0.003820637,1.160495,0.001681635,-0.06830029,-0.01318538,-0.006535908,0.9975563
0.872610415201823,0.003970694,1.161362,0.001025029,-0.07333308,-0.01279665,-0.006452846,0.9972045
0.886236513834636,0.004099434,1.16226,0.0003322532,-0.07862692,-0.01219311,-0.006237405,0.9968101
0.900457705240886,0.004225861,1.16318,-0.0003463025,-0.08414896,-0.01162647,-0.006168049,0.9963663
0.914503420572917,0.004370023,1.164135,-0.001079617,-0.08993693,-0.0111936,-0.006127324,0.9958658
0.927877749186198,0.004481282,1.165121,-0.001841357,-0.09576425,-0.0107035,-0.006102755,0.9953278
0.94211419938151,0.004631417,1.166165,-0.002628796,-0.1018154,-0.01030372,-0.006070848,0.9947315
0.956114138346354,0.004719583,1.167188,-0.003426038,-0.1079551,-0.009716664,-0.006198247,0.994089
0.969717348795573,0.004850945,1.168155,-0.004268355,-0.1142377,-0.00936384,-0.006314336,0.9933892
0.984007204752604,0.004996831,1.169061,-0.005151104,-0.120193,-0.008990951,-0.006320339,0.9926897
0.99802240250651,0.00516887,1.169991,-0.006059907,-0.1260204,-0.008645369,-0.006285422,0.9919701
1.0116179835612,0.005339378,1.170943,-0.006972301,-0.1318152,-0.008126864,-0.006589994,0.9912191
1.02582391617839,0.005515032,1.171913,-0.007914673,-0.1377748,-0.007724349,-0.006827189,0.99041
1.03986200211589,0.005633486,1.172761,-0.008898802,-0.1435326,-0.007375401,-0.007073706,0.9895929
1.05376275895182,0.005750107,1.173576,-0.009884203,-0.1489283,-0.007043369,-0.007242692,0.9887964
1.06741937516276,0.005908003,1.174431,-0.01088735,-0.1541531,-0.006621462,-0.007449649,0.9879968
1.0815642726237,0.006091332,1.175359,-0.01189289,-0.1598198,-0.006198216,-0.00773811,0.9870964
1.09559472916667,0.006198913,1.176293,-0.01296711,-0.1655159,-0.005627551,-0.008213334,0.9861569
1.10921319840495,0.006389288,1.176866,-0.01397366,-0.1715638,-0.005513395,-0.008394445,0.9851218
1.1234343898112,0.006567825,1.177665,-0.01501069,-0.1766946,-0.005326704,-0.008514759,0.9842145
1.13737329361979,0.006709622,1.17853,-0.01608738,-0.1823139,-0.00499472,-0.008429005,0.9831915
1.1510222804362,0.006863486,1.179544,-0.0171347,-0.188242,-0.004539107,-0.008680592,0.9820738
1.16522821305339,0.006989775,1.180526,-0.01830133,-0.1947448,-0.00427333,-0.008931004,0.980804
1.17926629899089,0.007119451,1.181353,-0.01940577,-0.2011147,-0.004112103,-0.00930458,0.9795149
1.19312127945964,0.007256461,1.182137,-0.02055611,-0.2070199,-0.0038856,-0.009431485,0.9782836
1.20667108414714,0.007408172,1.182963,-0.02171711,-0.2126015,-0.003564689,-0.009431748,0.977087
1.22092279313151,0.00755083,1.183806,-0.02289853,-0.2182883,-0.00327111,-0.009314253,0.9758344
1.23499902604167,0.007650658,1.184656,-0.02406496,-0.2242126,-0.003033672,-0.009222052,0.974492
1.2485335719401,0.007733515,1.18543,-0.02524453,-0.2303107,-0.003063613,-0.00939389,0.973067
1.26277765152995,0.007817117,1.186087,-0.02644261,-0.2361437,-0.003127125,-0.009570617,0.971666
1.27681573746745,0.00789438,1.186727,-0.02762729,-0.2413385,-0.003254327,-0.009535349,0.9703888
1.29031976578776,0.007958142,1.187311,-0.02879627,-0.2464507,-0.00326456,-0.00958415,0.9691024
1.30463250992839,0.007989516,1.187963,-0.02994721,-0.2513691,-0.003102185,-0.00970471,0.9678377
1.31864770768229,0.008034766,1.188591,-0.03110592,-0.2563928,-0.003123641,-0.009673002,0.9665192
1.33207544205729,0.008059517,1.189135,-0.03223852,-0.2613098,-0.003349401,-0.00945642,0.9652029
1.34638818619792,0.008071588,1.189642,-0.03333301,-0.2658767,-0.003743116,-0.009160759,0.9639562
1.36038812516276,0.008068591,1.190173,-0.03443874,-0.2702889,-0.003941054,-0.009021114,0.9627289
1.3742888819987,0.008027134,1.190681,-0.03555226,-0.2746731,-0.004245592,-0.00892708,0.9614869
1.38784631608073,0.008011965,1.191255,-0.03664587,-0.2791563,-0.004710219,-0.008925719,0.9601926
1.40209039567057,0.008013606,1.191824,-0.03776459,-0.284047,-0.005138697,-0.009114197,0.9587533
1.41617425797526,0.007964702,1.19237,-0.03886341,-0.288892,-0.005322186,-0.009388386,0.9573008
1.4296859156901,0.007924873,1.192886,-0.03995824,-0.2937374,-0.005543615,-0.009290728,0.9558249
1.44389947770182,0.007886296,1.193383,-0.04107828,-0.2983753,-0.005936534,-0.00915966,0.9543862
1.45784601090495,0.007860534,1.193912,-0.04220272,-0.3030225,-0.006174694,-0.008927593,0.9529216
1.47150262711589,0.007800598,1.194468,-0.0433357,-0.3078164,-0.006315428,-0.008690742,0.9513851
1.48576196549479,0.007782102,1.19506,-0.04450138,-0.3129425,-0.006542381,-0.008516528,0.9497114
1.49966272233073,0.007731453,1.195555,-0.04568242,-0.3181683,-0.006668147,-0.008395255,0.9479736
1.51363214371745,0.007716199,1.19603,-0.04684002,-0.3232456,-0.006877245,-0.008295414,0.9462538
1.52727350113932,0.007712448,1.196518,-0.04802204,-0.3282132,-0.007009286,-0.008380131,0.9445405
1.5413802516276,0.007665852,1.19706,-0.04919299,-0.3330821,-0.007045107,-0.008662003,0.9428318
1.55534967301432,0.007648703,1.197612,-0.05042898,-0.3380958,-0.007178998,-0.008843381,0.9410428
1.56893762467448,0.007660937,1.198123,-0.05168715,-0.3430907,-0.007312565,-0.008930516,0.9392313
1.58323511002604,0.007683516,1.198676,-0.05291674,-0.3480631,-0.007585837,-0.008880457,0.9373984
1.59726556656901,0.007669449,1.199131,-0.05412002,-0.353099,-0.007682144,-0.00894442,0.9355117
1.61079248307292,0.00766287,1.199609,-0.05528758,-0.3579077,-0.007761106,-0.009064334,0.9336808
1.62491449235026,0.007673621,1.200036,-0.05653242,-0.3626162,-0.007805756,-0.009036607,0.9318621
1.63889154313151,0.007655649,1.200447,-0.05775457,-0.3671979,-0.007863653,-0.009194374,0.9300641
1.6528304469401,0.007661087,1.200804,-0.05902016,-0.371689,-0.007933338,-0.009248229,0.9282774
1.66642602799479,0.00769111,1.201205,-0.0602753,-0.3762485,-0.008088414,-0.009398856,0.9264358
1.68055566666667,0.00769827,1.201577,-0.061611,-0.3807467,-0.008072752,-0.009644358,0.9245939
1.69462427018229,0.007680783,1.201921,-0.06292783,-0.3853457,-0.008100063,-0.009950694,0.9226831
1.70818170426432,0.007656382,1.202272,-0.06418737,-0.3897827,-0.008324799,-0.01003409,0.9208146
1.72234948990885,0.007704049,1.202598,-0.0654622,-0.3942013,-0.008685914,-0.009831282,0.9189305
1.73645624039714,0.007727161,1.202947,-0.06681041,-0.398367,-0.008890669,-0.009704546,0.9171317
1.74989160416667,0.007750804,1.203285,-0.06809836,-0.4027025,-0.009011495,-0.009644589,0.9152358
1.76414331315104,0.007777939,1.203538,-0.06940232,-0.4068576,-0.009108819,-0.009808071,0.9133936
1.77800592301432,0.007799674,1.203731,-0.07065728,-0.4112182,-0.009264523,-0.009985378,0.9114352
1.79163202164714,0.00778815,1.20399,-0.07186597,-0.4154366,-0.009534342,-0.01004028,0.9095168
1.80585321305339,0.007859631,1.204266,-0.07310899,-0.4197874,-0.009833375,-0.01009524,0.9075131
1.8198455226237,0.007933194,1.204525,-0.0743988,-0.4240495,-0.009863351,-0.01025693,0.9055272
1.83380731461589,0.008013735,1.204773,-0.07559501,-0.4283282,-0.009803993,-0.01024486,0.903512
1.84732660172526,0.008046232,1.204961,-0.07685536,-0.4322314,-0.009714465,-0.01044453,0.9016499
1.86153253434245,0.008086869,1.205116,-0.07807921,-0.4359739,-0.009771236,-0.01032367,0.899847
1.87552484391276,0.008115595,1.205249,-0.07923636,-0.4394336,-0.009932651,-0.01015337,0.8981628
1.88912805436198,0.008187903,1.205348,-0.08037861,-0.442752,-0.01009549,-0.01008265,0.8965306
1.90326532242839,0.008258233,1.205436,-0.08151442,-0.4459132,-0.010103,-0.01018996,0.8949612
1.91731866715495,0.008274909,1.20558,-0.08265707,-0.4492361,-0.01001411,-0.01048075,0.8932955
1.93087610123698,0.008309221,1.205691,-0.08383,-0.4526893,-0.01013767,-0.01077793,0.8915456
1.94508203385417,0.008348411,1.205785,-0.08501597,-0.456216,-0.01038362,-0.01106422,0.8897397
1.95917352555339,0.008405043,1.205843,-0.08618706,-0.4597104,-0.01062941,-0.01136971,0.8879325
1.97305902360026,0.008497175,1.205885,-0.0873815,-0.4631153,-0.01079336,-0.01171126,0.8861549
1.98657831070964,0.008578354,1.205896,-0.08862339,-0.4665561,-0.01079445,-0.01176265,0.8843476
2.00083764908854,0.008662885,1.205957,-0.08986816,-0.4699591,-0.01093763,-0.0118664,0.8825407
2.01479944108073,0.008699939,1.205962,-0.09111592,-0.4733108,-0.01120341,-0.01201378,0.8807424
2.0283187281901,0.00876664,1.205965,-0.09234548,-0.4765398,-0.01149383,-0.01219003,0.8789933
2.04244073746745,0.008792065,1.205868,-0.0935859,-0.4797023,-0.01164623,-0.01230036,0.8772679
2.05647882340495,0.008850235,1.20578,-0.09489258,-0.4829776,-0.01189571,-0.01239667,0.8754641
2.07002099869792,0.008903319,1.205737,-0.09615794,-0.4864569,-0.01209244,-0.012748,0.8735279
2.08415063736979,0.00898546,1.205657,-0.09749153,-0.4900145,-0.012372,-0.01316357,0.8715272
2.09806665299479,0.009096069,1.205634,-0.09883861,-0.4936391,-0.01259044,-0.01353944,0.8694704
2.11164697526042,0.009125991,1.205632,-0.1001049,-0.4971986,-0.0126962,-0.01392896,0.8674321
2.12592157242839,0.009151639,1.205538,-0.1013469,-0.5004878,-0.01308202,-0.01415166,0.8655291
2.13989862320964,0.009189636,1.205485,-0.102537,-0.5034871,-0.01358539,-0.01440282,0.8637759
2.15538629410807,0.009157838,1.205477,-0.1036046,-0.5061147,-0.01411508,-0.01481059,0.8622235
2.16718896744792,0.009187477,1.205411,-0.1047,-0.5083336,-0.01461508,-0.01519418,0.8609022
2.18108972428385,0.00921114,1.205342,-0.1056982,-0.5102196,-0.01496527,-0.01553248,0.8597737
2.19514306901042,0.009198317,1.205305,-0.1065546,-0.5119825,-0.01525913,-0.01549323,0.8587206
2.2087386500651,0.009178434,1.20512,-0.1074375,-0.5134407,-0.01565486,-0.01530209,0.8578458
2.22291406510417,0.009145627,1.204929,-0.1082968,-0.5149948,-0.01630139,-0.01504919,0.8569062
2.23684533951823,0.009150499,1.204867,-0.1090398,-0.5165962,-0.01705275,-0.0150009,0.8559279
2.25041040299479,0.00917149,1.204723,-0.1097826,-0.5183399,-0.01763838,-0.01528222,0.8548562
2.2646697413737,0.009211157,1.20459,-0.1104962,-0.5200508,-0.01808164,-0.01570808,0.8537995
2.27863916276042,0.009243844,1.204452,-0.111143,-0.5217935,-0.01848761,-0.01598136,0.8527218
2.29243310807292,0.009293539,1.204305,-0.1118277,-0.5235366,-0.01898404,-0.0162396,0.8516368
2.3060286891276,0.009366123,1.204133,-0.1124434,-0.5253254,-0.01941837,-0.01667456,0.8505164
2.32026513932292,0.009391159,1.204084,-0.1130015,-0.5270168,-0.01964658,-0.0170559,0.8494565
2.33411249039714,0.009461932,1.203982,-0.1136096,-0.5285814,-0.01978671,-0.01747703,0.848472
2.34766992447917,0.009493778,1.203871,-0.1141925,-0.5302374,-0.01983849,-0.01806434,0.8474246
2.36191400406901,0.009604992,1.203734,-0.1148304,-0.5320395,-0.0201564,-0.01858751,0.8462755
2.37599023697917,0.009659501,1.203574,-0.1154816,-0.5341225,-0.02033793,-0.01908805,0.8449469
2.38947137711589,0.009737931,1.203504,-0.1160149,-0.5359622,-0.02062483,-0.01942185,0.8437665
2.40354761002604,0.009764533,1.203358,-0.1164483,-0.5374312,-0.02083261,-0.01976245,0.8428186
2.41769250748698,0.009803193,1.203222,-0.1167843,-0.5385304,-0.02112894,-0.0201248,0.8421007
2.43126520035807,0.009857478,1.203169,-0.1170539,-0.5392187,-0.0213896,-0.02059012,0.8416423
2.44537958024089,0.00997051,1.203136,-0.1173257,-0.5397851,-0.02144298,-0.02098243,0.8412681
2.45924219010417,0.01010552,1.203037,-0.1176967,-0.5404044,-0.02137859,-0.02120082,0.8408666
2.47321924088542,0.01020187,1.203085,-0.1178913,-0.540957,-0.02137905,-0.02135331,0.8405073
2.48677667496745,0.01025224,1.203132,-0.1180128,-0.5412101,-0.02160252,-0.02151327,0.8403345
2.50092157242839,0.01027404,1.203142,-0.1180433,-0.5411243,-0.02188008,-0.02165505,0.8403789
2.5149138819987,0.01025937,1.203154,-0.1180023,-0.540733,-0.02199592,-0.02178016,0.8406246
2.5284636866862,0.01023052,1.203077,-0.1180079,-0.5404079,-0.02205387,-0.02159962,0.8408368
2.54256280777995,0.01020447,1.202992,-0.1180117,-0.5399851,-0.02231034,-0.02138173,0.8411072
2.55657800553385,0.01017493,1.203039,-0.1179026,-0.5396032,-0.02257431,-0.02149181,0.8413424
2.57016595719401,0.01013693,1.203025,-0.117776,-0.5389853,-0.02278922,-0.02170685,0.841727
2.58431085465495,0.01010866,1.203024,-0.1175818,-0.538139,-0.02294955,-0.02194132,0.8422579
2.59836419938151,0.0100845,1.203039,-0.1173017,-0.5370556,-0.0232021,-0.02186373,0.8429442
2.61186822770182,0.01001504,1.203096,-0.1169084,-0.5361075,-0.02353493,-0.02172587,0.8435419
2.62608178971354,0.00997298,1.203124,-0.1165052,-0.5351127,-0.02406659,-0.0217227,0.8441584
2.64005884049479,0.009868404,1.203233,-0.1159512,-0.5338067,-0.02456685,-0.02185359,0.8449671
2.6539290797526,0.009757856,1.203297,-0.1153613,-0.5319843,-0.02486341,-0.02199046,0.8461035
2.66746362565104,0.009651361,1.203444,-0.1146715,-0.5299125,-0.02503444,-0.02165908,0.847406
2.68157037613932,0.009571282,1.203565,-0.1139585,-0.5278573,-0.0252161,-0.02115678,0.848695
2.69563135026042,0.009516636,1.203651,-0.1131349,-0.5260433,-0.0255403,-0.02078835,0.84982
2.70916589615885,0.009434586,1.203756,-0.1121561,-0.5240351,-0.0258846,-0.02125079,0.851038
2.72327264664714,0.009341117,1.203804,-0.111164,-0.5218531,-0.02604678,-0.02185532,0.8523574
2.73719629166667,0.009217523,1.203883,-0.110139,-0.5193001,-0.02611687,-0.02233865,0.8539007
2.75083764908854,0.009137552,1.204017,-0.109033,-0.5164942,-0.02617346,-0.02241528,0.8555971
2.76498254654948,0.009110847,1.204056,-0.107922,-0.5136932,-0.0261965,-0.02229727,0.8572841
2.77892145035807,0.009084553,1.204084,-0.1067946,-0.5109219,-0.02614724,-0.0224654,0.8589357
2.79283746598307,0.008970663,1.204188,-0.105564,-0.5080544,-0.0261819,-0.02292996,0.8606216
2.80650934098307,0.008875154,1.204261,-0.1042779,-0.5050942,-0.02632698,-0.02333979,0.8623469
2.82050165055339,0.008757252,1.204249,-0.1029542,-0.5018143,-0.02640248,-0.02367121,0.8642482
2.8345931422526,0.008667836,1.204312,-0.1015203,-0.4981222,-0.02648748,-0.02379347,0.8663756
2.84812005875651,0.008646404,1.204329,-0.1001007,-0.4942404,-0.02647801,-0.02386225,0.8685942
2.86224206803385,0.008617185,1.204342,-0.0987272,-0.4902092,-0.02619553,-0.02402081,0.8708798
2.87618860123698,0.008532196,1.204471,-0.09723633,-0.4863065,-0.02578685,-0.02426224,0.8730707
2.88984521744792,0.00840022,1.204454,-0.09568541,-0.4822042,-0.02560113,-0.02462319,0.8753385
2.90396722672526,0.008300932,1.20442,-0.09407266,-0.4778769,-0.02551135,-0.02466997,0.8777097
2.91785272477214,0.008242182,1.204405,-0.09246486,-0.4732392,-0.02525324,-0.02455931,0.8802294
2.93158563492839,0.008224055,1.204315,-0.0909462,-0.4688451,-0.02491006,-0.02441401,0.8825915
2.94561609147135,0.008158466,1.204271,-0.08941132,-0.4645076,-0.02456353,-0.02452527,0.8848886
2.95945581315104,0.008044638,1.204167,-0.08781944,-0.4602441,-0.02441463,-0.02473511,0.8871119
2.97335656998698,0.008010654,1.204002,-0.08625828,-0.4558218,-0.024435,-0.02483317,0.889389
2.98715051529948,0.008007262,1.203835,-0.08467016,-0.4513305,-0.02424914,-0.02496217,0.891678
3.00124963639323,0.007980885,1.203755,-0.08310603,-0.4467283,-0.02369603,-0.02524198,0.8939995
3.01500543473307,0.007898645,1.203589,-0.08155773,-0.4422602,-0.02320483,-0.02570499,0.896218
3.02873834488932,0.007824821,1.203464,-0.07993584,-0.4377496,-0.02307973,-0.02599653,0.8984246
3.04280694840495,0.007801788,1.203235,-0.07826872,-0.4332569,-0.02324025,-0.02600417,0.9005955
3.0567611110026,0.00772728,1.202976,-0.07658523,-0.4282695,-0.02340763,-0.02615592,0.9029692
3.07056268570964,0.0076783,1.202818,-0.07481349,-0.4231361,-0.02344358,-0.02639294,0.9053782
3.0846160304362,0.007625207,1.20257,-0.07309523,-0.4178568,-0.02332085,-0.02642335,0.9078291
3.09847864029948,0.007501038,1.202335,-0.0713685,-0.4123735,-0.02322906,-0.02629723,0.910339
3.1121810328776,0.007441543,1.202091,-0.06951874,-0.4068003,-0.02344598,-0.02604915,0.9128446
3.12630304215495,0.007352583,1.201631,-0.06771395,-0.4005953,-0.02367713,-0.02611436,0.9155768
3.14018854020182,0.0073351,1.201142,-0.06583959,-0.3937741,-0.02391699,-0.02616024,0.9185236
3.15412744401042,0.0072308,1.20075,-0.06386261,-0.3865633,-0.02372778,-0.0260272,0.9215901
3.16781457779948,0.007169889,1.200259,-0.06193426,-0.3793556,-0.02370351,-0.0255602,0.9245941
3.18181451676432,0.007071845,1.199673,-0.05999631,-0.3720571,-0.02375841,-0.02497132,0.9275697
3.1956771266276,0.006937709,1.199059,-0.05794093,-0.3647198,-0.02403287,-0.02474213,0.9304783
3.20929559586589,0.006844239,1.198322,-0.05593719,-0.3569057,-0.02421482,-0.02489077,0.9334948
3.22340234635417,0.006775495,1.197673,-0.05393118,-0.348811,-0.024048,-0.02503631,0.93655
3.2373031031901,0.006689973,1.197124,-0.05193253,-0.3409081,-0.02364172,-0.02461203,0.939477
3.25099023697917,0.006623648,1.19652,-0.0499505,-0.3335677,-0.02342573,-0.02404192,0.9421284
3.26504358170573,0.006539837,1.195915,-0.04794631,-0.326552,-0.0233866,-0.02360224,0.9445951
3.27891382096354,0.006411085,1.19521,-0.04584726,-0.3194975,-0.02324529,-0.02363467,0.9470071
3.29276880143229,0.006334789,1.194355,-0.04376691,-0.3119462,-0.02293867,-0.02386509,0.949523
3.30648645279948,0.00627115,1.193559,-0.04174204,-0.3038536,-0.02232437,-0.02385842,0.9521583
3.32046350358073,0.006209105,1.192878,-0.03978911,-0.2961215,-0.02167357,-0.02296386,0.9546283
3.33441766617839,0.006152643,1.192234,-0.03787801,-0.2891442,-0.0212459,-0.02190319,0.9567991
3.34807428238932,0.006086413,1.191661,-0.03594612,-0.2826969,-0.02083918,-0.02155744,0.9587406
3.36211999772135,0.005992411,1.19093,-0.034023,-0.2766912,-0.02021614,-0.02206416,0.9604928
3.37608178971354,0.00591163,1.190116,-0.03209871,-0.2702097,-0.01954319,-0.02264007,0.9623369
3.38977655289714,0.005840763,1.189244,-0.03019061,-0.2634134,-0.0188471,-0.02268664,0.9642321
3.40384515641276,0.005748294,1.188434,-0.02845146,-0.2561499,-0.01809624,-0.02231219,0.9662101
3.41768487809245,0.005707953,1.18776,-0.02674496,-0.2495811,-0.01763863,-0.02143298,0.967956
3.43136438248698,0.005653676,1.187107,-0.02505247,-0.2436795,-0.0171472,-0.02085626,0.9694799
3.44558557389323,0.005589984,1.186364,-0.02332917,-0.2379261,-0.01673134,-0.02091036,0.970914
3.45933374283854,0.005506026,1.18543,-0.02159008,-0.2318665,-0.01630904,-0.02131937,0.9723772
3.47313531754557,0.005395314,1.184415,-0.01985386,-0.2251486,-0.01595455,-0.02156542,0.9739551
3.48668512223307,0.005271604,1.183352,-0.01824339,-0.2177613,-0.0156215,-0.02151288,0.9756399
3.50066217301432,0.005153375,1.182288,-0.01663684,-0.2101577,-0.01542525,-0.02118164,0.9773163
3.5144256007487,0.005019428,1.18121,-0.01501333,-0.2024035,-0.01536622,-0.02082553,0.9789602
3.52798303483073,0.004866226,1.180066,-0.01339641,-0.1944143,-0.01546592,-0.02057843,0.9805817
3.54200586197917,0.004653404,1.178873,-0.01179435,-0.1862742,-0.01565914,-0.02054261,0.9821582
3.55597528336589,0.004511224,1.177678,-0.01020633,-0.1779871,-0.01600857,-0.02039289,0.9836913
3.56954034684245,0.004333589,1.176447,-0.008636569,-0.169573,-0.01633575,-0.0201746,0.9851757
3.58362420914714,0.004189607,1.175239,-0.007050096,-0.1612571,-0.0166348,-0.02010355,0.9865674
3.59724267838542,0.003997223,1.174044,-0.005440911,-0.152952,-0.01672503,-0.02019892,0.9878857
3.61088403580729,0.003821233,1.172756,-0.003825843,-0.1447259,-0.01679145,-0.02027224,0.9891217
3.62495263932292,0.003673825,1.171378,-0.002204078,-0.1362278,-0.01697013,-0.02008186,0.9903287
3.63875421402995,0.003500178,1.170057,-0.000582341,-0.1273006,-0.01703056,-0.01969157,0.9915225
3.65260156510417,0.003402397,1.168778,0.001042109,-0.1186657,-0.01722935,-0.01918254,0.9925994
3.6661589991862,0.003309399,1.167456,0.002656594,-0.1101009,-0.01738754,-0.01868979,0.9935926
3.6801970851237,0.003137143,1.16617,0.004293333,-0.1016497,-0.01741815,-0.01852124,0.9944954
3.69418939469401,0.002957745,1.164893,0.005919133,-0.09327802,-0.01746088,-0.01858669,0.9953135
3.70758661149089,0.002792254,1.163572,0.007506742,-0.08513176,-0.01752358,-0.01868404,0.9960404
3.72161706803385,0.002645213,1.162195,0.00910292,-0.07701465,-0.01759309,-0.01871344,0.9966991
3.73570855973307,0.002538938,1.16078,0.01068073,-0.06880444,-0.01771943,-0.01839267,0.9973032
3.74906000016276,0.002449397,1.159386,0.01229836,-0.06049704,-0.0177941,-0.01799144,0.9978476
3.76316675065104,0.002385817,1.158038,0.01387505,-0.05228417,-0.01785547,-0.01746474,0.9983199
3.77709039567057,0.002305947,1.156664,0.01547768,-0.04423076,-0.0179155,-0.01690326,0.9987177
3.79062494156901,0.002220204,1.155228,0.01707518,-0.03619418,-0.01812601,-0.01625467,0.9990482
3.8048079860026,0.002109786,1.153762,0.01872627,-0.0279723,-0.01836636,-0.01578816,0.9993153
3.81870874283854,0.001997087,1.152265,0.02037043,-0.01948863,-0.01836183,-0.01551263,0.9995211
3.83236535904948,0.00188525,1.150722,0.0219999,-0.0108518,-0.01825787,-0.01531709,0.9996572
3.84593042252604,0.001780806,1.149171,0.02363011,-0.002211791,-0.01810615,-0.01501164,0.9997209
3.86005243180339,0.001700405,1.147579,0.02527783,0.006460499,-0.01810208,-0.01479512,0.9997059
3.87484582779948,0.001626808,1.145923,0.02694617,0.01524027,-0.01807104,-0.0147562,0.9996117
3.88745721695964,0.001586117,1.144238,0.02860847,0.02432552,-0.01792387,-0.01472951,0.9994349
3.90157159684245,0.001531852,1.142477,0.03027267,0.03362792,-0.01761767,-0.01471679,0.9991708
3.91560205338542,0.00154411,1.140605,0.03192625,0.04320946,-0.01730241,-0.01470744,0.9988079
3.92893823502604,0.00151467,1.138688,0.03356543,0.05286486,-0.01695647,-0.01481728,0.9983478
3.94302209733073,0.001513921,1.13675,0.03521085,0.06242792,-0.01655818,-0.01496063,0.9978
3.95694574235026,0.001528915,1.134783,0.03687771,0.07193255,-0.01618319,-0.01521595,0.9971622
3.97048791764323,0.001543848,1.132826,0.03859706,0.08151833,-0.01575439,-0.01566012,0.9964243
3.98467096207682,0.001604168,1.130829,0.04025125,0.09114388,-0.01530588,-0.01591528,0.9955929
3.99872430680339,0.001664976,1.128798,0.0418879,0.1008428,-0.01481063,-0.0159368,0.9946645
4.01253351090495,0.001717867,1.126817,0.04355311,0.1103039,-0.01431122,-0.01604091,0.9936654
4.02603753922526,0.001750894,1.124887,0.0452883,0.1193225,-0.01396164,-0.01621505,0.992625
4.04025110123698,0.001773683,1.122998,0.04711626,0.1277899,-0.01379303,-0.01662681,0.991566
4.05432733414714,0.001791824,1.121071,0.04893705,0.1360438,-0.01358477,-0.01697376,0.9904643
4.06769403336589,0.001805386,1.119033,0.0506536,0.1445844,-0.01320302,-0.01739768,0.9892515
4.0818084132487,0.001912717,1.116873,0.05225473,0.1534907,-0.0127308,-0.01773351,0.987909
4.09568628190104,0.00202672,1.114794,0.05379,0.1628054,-0.01233575,-0.01796033,0.9864177
4.10924371598307,0.002170118,1.112821,0.05539236,0.1717381,-0.01201323,-0.01799021,0.9849052
4.12339624283854,0.002215182,1.110952,0.05701444,0.1800826,-0.01164452,-0.01806572,0.9834166
4.13722070572917,0.002298517,1.10903,0.05870606,0.1876512,-0.01115075,-0.01839616,0.9820002
4.15078576920573,0.002413873,1.107071,0.06038687,0.1949765,-0.01041701,-0.01872068,0.9805739
4.16500696061198,0.002571533,1.105006,0.06188067,0.2022854,-0.009564435,-0.01906478,0.9790944
4.17884668229167,0.002726134,1.102957,0.0632719,0.2104421,-0.008307792,-0.01971023,0.9773723
4.1927474391276,0.002885524,1.100892,0.06459078,0.2189531,-0.006843244,-0.02031681,0.9754999
4.20622857926432,0.003046524,1.098849,0.06598936,0.2273617,-0.00545233,-0.02054041,0.9735785
4.22047265885417,0.003229149,1.096771,0.06743661,0.2354673,-0.004178496,-0.02049094,0.9716573
4.23431238053385,0.0034189,1.094539,0.06859098,0.2431934,-0.003004672,-0.02031073,0.9697605
4.24778589127604,0.003643343,1.092375,0.06944089,0.2516977,-0.001942823,-0.02008206,0.9675956
4.26189264176432,0.003873559,1.090217,0.07022366,0.2608021,-0.0009177903,-0.01998952,0.9651849
4.27573999283854,0.004102508,1.088197,0.07108225,0.2696666,0.0003235732,-0.0199094,0.9627479
4.28932031510417,0.004300505,1.086301,0.07211559,0.277649,0.00164783,-0.01968933,0.9604794
4.30351861832682,0.004473848,1.084464,0.07325265,0.284428,0.002969958,-0.01951651,0.9584942
4.31734308121745,0.004709572,1.082616,0.07423982,0.2904667,0.004259113,-0.0195251,0.9566764
4.33088525651042,0.004977152,1.080783,0.07496572,0.2963021,0.005545547,-0.01971043,0.9548748
4.34503015397135,0.005256362,1.079037,0.07569547,0.3027137,0.006959911,-0.01993799,0.9528476
4.35891565201823,0.005574876,1.077333,0.07650991,0.3089271,0.008441263,-0.01975925,0.950843
4.37275537369792,0.005894769,1.075644,0.07748273,0.3147545,0.009755213,-0.01934766,0.9489258
4.38625940201823,0.006157849,1.07388,0.07841729,0.3201616,0.01094589,-0.01892183,0.9471107
4.40029748795573,0.006404223,1.072094,0.07907905,0.3253077,0.01187192,-0.01866979,0.9453493
4.41425165055339,0.006644879,1.070465,0.07954207,0.3315365,0.01276335,-0.01852941,0.9431741
4.42779382584635,0.006893551,1.068815,0.07998259,0.3382422,0.01387475,-0.01885908,0.9407678
4.44193872330729,0.007078342,1.067223,0.08058111,0.3447069,0.01527056,-0.01933389,0.938387
4.45581659195964,0.007298416,1.065627,0.08135951,0.3499179,0.01631725,-0.01955733,0.9364341
4.46936639664714,0.007458441,1.064047,0.08221006,0.3541431,0.0169962,-0.01955773,0.9348322
4.48357995865885,0.007616587,1.062405,0.08289758,0.3581398,0.01743886,-0.0197659,0.9332958
4.49740442154948,0.007758791,1.060765,0.08337907,0.3629096,0.01790418,-0.02032821,0.9314306
4.51091607926432,0.007887656,1.059047,0.08378223,0.3684194,0.01889754,-0.0211895,0.929226
4.52509912369792,0.007996729,1.057358,0.08426441,0.3742332,0.01979196,-0.02147017,0.9268748
4.5390609156901,0.008077217,1.055591,0.08478728,0.3797246,0.02010264,-0.02111927,0.9246399
4.55282434342448,0.008108836,1.053941,0.08525047,0.3852623,0.02010137,-0.02063429,0.9223574
4.5664046656901,0.008119654,1.052263,0.08570357,0.3906777,0.0200799,-0.02049186,0.9200803
4.5805648219401,0.008121975,1.050628,0.08617155,0.3962033,0.02020478,-0.02045777,0.9177125
4.5945037257487,0.008154593,1.049047,0.08664343,0.401406,0.02054089,-0.02060247,0.915438
4.60801538346354,0.008121295,1.047488,0.08721079,0.4061366,0.02095523,-0.02054211,0.913341
4.62222894547526,0.008103859,1.046003,0.0878227,0.4102689,0.0210216,-0.02031832,0.9114959
4.63620599625651,0.008062771,1.044466,0.08837847,0.4142777,0.02080677,-0.01993707,0.9096943
4.64974817154948,0.008006414,1.042864,0.08895507,0.4182081,0.02041308,-0.01974558,0.9079072
4.66399225113932,0.007906275,1.041268,0.08944952,0.4224082,0.02030396,-0.01973079,0.9059634
4.67790826676432,0.007849799,1.039922,0.0896652,0.4269284,0.02041084,-0.01988725,0.9038363
4.69174035904948,0.007839717,1.038523,0.09001238,0.431584,0.02087658,-0.02033519,0.9016019
4.70527490494792,0.007790467,1.037185,0.09035185,0.4359914,0.02125175,-0.0204174,0.8994682
4.7194808375651,0.007817091,1.03571,0.09072074,0.4396833,0.02117252,-0.02023545,0.8976752
4.73344262955729,0.007795366,1.034187,0.09104522,0.4432907,0.02127475,-0.02025051,0.8958966
4.74687036393229,0.007825967,1.032646,0.09131248,0.4470364,0.02156654,-0.02060917,0.8940183
4.7610076319987,0.007866668,1.031063,0.09162283,0.4510916,0.02198156,-0.02083324,0.8919637
4.7750228297526,0.007889666,1.029409,0.09189967,0.4553117,0.02204034,-0.02092777,0.8898132
4.78853448746745,0.007908676,1.027841,0.09190656,0.4598588,0.02189771,-0.021271,0.8874671
4.80267938492839,0.007948134,1.026258,0.09190853,0.4649946,0.02238159,-0.02229537,0.8847497
4.81665643570964,0.008009091,1.024693,0.09187143,0.4698652,0.02385058,-0.02389277,0.8820924
4.83023675797526,0.008253489,1.023225,0.09199066,0.4743231,0.02453122,-0.02427457,0.8796741
4.84445794938151,0.00835637,1.021846,0.09229283,0.4778666,0.02470258,-0.02407924,0.8777548
4.85835107682292,0.00847863,1.020495,0.09269273,0.4805478,0.02423361,-0.02398608,0.8763055
4.87218316910807,0.008512221,1.019225,0.09301979,0.4827815,0.02403245,-0.02467081,0.8750633
4.88575586197917,0.008521233,1.017968,0.0932889,0.4850233,0.02457152,-0.02625489,0.8737616
4.89998468277995,0.008539729,1.016783,0.09341237,0.4874022,0.02534129,-0.02769813,0.8723702
4.91391595719401,0.008666307,1.01587,0.0934608,0.4902151,0.02554391,-0.02843894,0.8707628
4.92744287369792,0.008720713,1.015031,0.09363545,0.4930576,0.02548848,-0.02845331,0.8691576
4.94159540055339,0.008779677,1.014309,0.09392711,0.4954035,0.02529037,-0.02830869,0.8678332
4.95552667496745,0.008868681,1.013713,0.09436407,0.4967671,0.02492405,-0.02826153,0.8670654
4.96906885026042,0.008908827,1.013161,0.094868,0.4975442,0.02492915,-0.0286801,0.8666059
4.98325189469401,0.00897786,1.012725,0.09527306,0.4981425,0.02537246,-0.0292861,0.866229
4.99708398697917,0.009091269,1.012491,0.09552211,0.4988877,0.02549607,-0.02942843,0.8657916
5.01060327408854,0.009204956,1.012321,0.09585822,0.4997089,0.0250774,-0.02909893,0.8653412
5.02483972428385,0.009298636,1.012234,0.09620054,0.5001845,0.02468459,-0.0290272,0.8650801
5.03874811051432,0.009352386,1.011913,0.09649371,0.5003139,0.02457965,-0.02939234,0.864996
5.05258783219401,0.009361392,1.011787,0.0967626,0.5003755,0.02430273,-0.02976029,0.8649555
5.06616815445964,0.009386189,1.011693,0.09689539,0.5006289,0.02379887,-0.03001579,0.864814
5.08036645768229,0.009432409,1.011649,0.09688045,0.5009665,0.0235047,-0.03040133,0.8646131
5.09434350846354,0.009490304,1.011595,0.09678657,0.5013197,0.02355876,-0.03085919,0.8643907
5.10785516617839,0.009568334,1.011648,0.09664724,0.5015832,0.02380812,-0.03153701,0.8642066
5.12207635758464,0.009630611,1.011683,0.09647617,0.5013688,0.02392281,-0.03227555,0.8643004
5.1356185328776,0.009691218,1.011819,0.09629984,0.5009013,0.02354649,-0.03275606,0.8645638
5.14903863785807,0.009830281,1.012589,0.09604243,0.5001348,0.02295475,-0.03322628,0.8650054
5.16322168229167,0.0100018,1.013128,0.09591915,0.498797,0.02276269,-0.03389391,0.8657567
5.17735895035807,0.01017222,1.013825,0.09582181,0.4969434,0.02321194,-0.03480919,0.8667738
5.1909163844401,0.01038879,1.01476,0.09570371,0.4946562,0.02371965,-0.03576234,0.8680287
5.20517572281901,0.01060703,1.01575,0.09565571,0.4918115,0.02392071,-0.036492,0.8696077
5.21914514420573,0.01084129,1.016898,0.09563662,0.4883822,0.0237582,-0.03704677,0.8715194
5.23308404801432,0.01100394,1.01823,0.09567655,0.4843763,0.02344197,-0.03763594,0.8737354
5.24650415299479,0.01123374,1.019641,0.0958111,0.479975,0.023031,-0.03859847,0.8761301
5.26080163834635,0.01147555,1.021188,0.09599641,0.4746914,0.02277569,-0.03966243,0.8789632
5.27478631852214,0.0116821,1.022903,0.09617461,0.4689037,0.02255493,-0.04046569,0.8820336
5.28841241715495,0.01190791,1.02469,0.09638761,0.462869,0.02185784,-0.04069778,0.8852221
5.30258783219401,0.01210086,1.026556,0.0964612,0.4565413,0.02090192,-0.04093986,0.888514
5.31657251236979,0.01227512,1.028453,0.09640686,0.4506982,0.0205254,-0.0419838,0.8914523
5.33012994645182,0.01239279,1.030298,0.09628918,0.4453305,0.02053536,-0.04318221,0.8940886
5.34441217301432,0.01260043,1.032169,0.09615748,0.4400664,0.02008225,-0.04374843,0.8966741
5.35838159440104,0.01283524,1.034172,0.09609246,0.4343752,0.0187742,-0.04329789,0.8994949
5.37226709244792,0.01298224,1.036243,0.09618537,0.4278705,0.01711922,-0.04269636,0.9026687
5.38569482682292,0.01311092,1.03836,0.0961908,0.4207731,0.01599091,-0.04299355,0.9060054
5.3999007594401,0.01316963,1.040394,0.09605488,0.4136044,0.01577383,-0.0443246,0.9092403
5.4138167750651,0.01331933,1.042413,0.09571841,0.4069162,0.01546078,-0.04527888,0.9122115
5.42741998551432,0.0135999,1.04461,0.09530465,0.4007673,0.01441607,-0.04515009,0.9149532
5.44150384781901,0.01384431,1.046838,0.095057,0.3943505,0.0130188,-0.04395687,0.9178159
5.45561822770182,0.01407041,1.049177,0.09497423,0.3869689,0.01176239,-0.04309037,0.9210103
5.46907647965495,0.01422907,1.051614,0.09498306,0.3781281,0.01088589,-0.0429347,0.924693
5.48319085953776,0.01448972,1.054081,0.09493043,0.3687313,0.01068673,-0.04347359,0.9284574
5.49729761002604,0.01481486,1.05655,0.09481849,0.3593138,0.01100764,-0.0441398,0.9321074
5.51081689713542,0.0151744,1.059078,0.09461738,0.3501796,0.01119875,-0.04393288,0.9355847
5.52503808854167,0.01550321,1.061469,0.09442395,0.3411531,0.01122012,-0.04344193,0.9389364
5.53905328629557,0.01580958,1.063759,0.09423314,0.3322951,0.01105925,-0.04311226,0.9421248
5.55295404313151,0.01604119,1.066113,0.09379576,0.3239758,0.01102656,-0.04316242,0.9450159
5.56641992447917,0.01631038,1.06836,0.09332564,0.3162187,0.01101928,-0.04328441,0.9476343
5.5806868922526,0.01662023,1.070594,0.09284168,0.30882,0.0107658,-0.04305886,0.9500844
5.59458001969401,0.01688106,1.072831,0.09237271,0.3014518,0.01052686,-0.04276518,0.9524637
5.60814508317057,0.01709539,1.074889,0.0918957,0.2939411,0.0104655,-0.04277528,0.9548087
5.62240442154948,0.01725335,1.076917,0.09134898,0.2866271,0.01042306,-0.04284673,0.9570268
5.63632043717448,0.01743949,1.079052,0.09068729,0.2794321,0.009986971,-0.04268252,0.9591643
5.6499007594401,0.01759818,1.081171,0.09007002,0.2720645,0.009441452,-0.0424105,0.9612976
5.66423639176432,0.01773561,1.083347,0.0894662,0.2644963,0.009103279,-0.04229672,0.9634157
5.67815240738932,0.01789647,1.085444,0.08888441,0.2566764,0.009009181,-0.04251457,0.9655198
5.69198449967448,0.01799803,1.087469,0.08825266,0.2488863,0.008902801,-0.04253468,0.9675574
5.70550378678385,0.01808994,1.0895,0.08761787,0.2412705,0.00828225,-0.04213536,0.9695074
5.71978601334635,0.01811668,1.091574,0.08697069,0.2334893,0.007240362,-0.04176739,0.971435
5.73364862320964,0.01807518,1.093632,0.08633828,0.225568,0.006150735,-0.0418359,0.9733093
5.74722131608073,0.01799496,1.095677,0.0856985,0.2175832,0.00501172,-0.0422,0.9751163
5.76148065445964,0.01790093,1.097681,0.08506742,0.2096888,0.003793894,-0.04221517,0.9768491
5.77544244645182,0.01773161,1.099636,0.08445486,0.2018847,0.002196776,-0.04172164,0.9785178
5.78877862809245,0.01747886,1.101669,0.08384435,0.1941587,7.78595E-06,-0.04107036,0.98011
5.80305322526042,0.01708709,1.103483,0.0832271,0.186359,-0.002732249,-0.04068362,0.9816353
5.81699212906901,0.01654888,1.105177,0.08253704,0.1792338,-0.005864488,-0.04075424,0.9829445
5.83066400406901,0.01593729,1.106714,0.08176646,0.1728632,-0.009208013,-0.0408394,0.9840558
5.8449691188151,0.01528372,1.108124,0.08101322,0.1675652,-0.01317658,-0.04050721,0.9849404
5.85896142838542,0.01451375,1.109463,0.0803185,0.1627342,-0.01753214,-0.03982134,0.9857102
5.87288507340495,0.01362215,1.110824,0.07959546,0.157916,-0.02245998,-0.03948191,0.9864073
5.88648065445964,0.01252604,1.112089,0.07889728,0.1529474,-0.02771816,-0.03961079,0.987051
5.90080865738932,0.01135719,1.113293,0.07817694,0.1481885,-0.03381578,-0.03954241,0.9875895
5.91488489029948,0.01017473,1.114476,0.07749034,0.1436229,-0.04047623,-0.03889324,0.9880392
5.92844995377604,0.008894147,1.115546,0.07684939,0.1394493,-0.04769163,-0.03819087,0.9883425
5.94272455094401,0.007458374,1.116596,0.07617094,0.1356394,-0.05494019,-0.03803731,0.9885023
5.95677026627604,0.005943237,1.117627,0.07540926,0.1318434,-0.06257922,-0.03822516,0.9885545
5.97025903580729,0.004309114,1.118673,0.07466113,0.1282124,-0.07050362,-0.03815509,0.9885014
5.98453363297526,0.002641495,1.119718,0.07390814,0.1243634,-0.079276,-0.03767717,0.9883469
5.99851068375651,0.0009025987,1.120758,0.0732041,0.1205047,-0.08840966,-0.037051,0.9880737
6.01241906998698,-0.0009333529,1.121756,0.07251936,0.1164307,-0.09806228,-0.03670425,0.9876642
6.02591546891276,-0.00283871,1.1228,0.07172598,0.1122986,-0.1080363,-0.03663286,0.9871045
6.04010614274089,-0.004856478,1.123856,0.07085837,0.1079983,-0.1185782,-0.03644135,0.9863811
6.05421289322917,-0.006920169,1.124956,0.06996867,0.103706,-0.1290985,-0.03609497,0.9855332
6.06781610367839,-0.009020971,1.125993,0.06899502,0.09955491,-0.1396771,-0.03583993,0.9845276
6.08195337174479,-0.01120197,1.126979,0.06800259,0.09572301,-0.1504948,-0.0358668,0.9833118
6.09604486344401,-0.01342874,1.127934,0.06694739,0.09193415,-0.1618477,-0.03562425,0.981878
6.10957177994792,-0.01569815,1.128917,0.06582818,0.08793255,-0.1733522,-0.03517055,0.9802958
6.12373956559245,-0.01798411,1.129934,0.06468867,0.08367494,-0.1851518,-0.03466687,0.9785272
6.13757928727214,-0.0203452,1.130889,0.06345673,0.07959738,-0.1968857,-0.03431367,0.9765874
6.15145715592448,-0.02276322,1.131807,0.06203095,0.07571988,-0.2090861,-0.03396155,0.9743696
6.16477807877604,-0.02517805,1.132688,0.06057699,0.07209764,-0.2218208,-0.03352272,0.9718404
6.17909082291667,-0.02767137,1.133651,0.05904361,0.06851579,-0.2348694,-0.03322535,0.9690397
6.19312127945964,-0.0301834,1.134598,0.0574005,0.06468946,-0.248198,-0.03320352,0.9659765
6.20655664322917,-0.03280304,1.135541,0.05564623,0.06045927,-0.2619429,-0.03283561,0.9626279
6.22077783463542,-0.03544626,1.136488,0.05383304,0.0562743,-0.276161,-0.03250692,0.9589117
6.23484643815104,-0.03808279,1.137407,0.05183555,0.05209555,-0.2906345,-0.03220283,0.9548721
6.2483123194987,-0.04073109,1.138295,0.04975757,0.04818717,-0.3052112,-0.0321963,0.9505196
6.2625945460612,-0.04337715,1.139155,0.04757972,0.04446315,-0.3199748,-0.03220082,0.9458342
6.27647241471354,-0.04595848,1.139916,0.04531788,0.04094994,-0.3347245,-0.03224564,0.9408735
6.29002984879557,-0.04846694,1.140662,0.04303575,0.03781747,-0.3492617,-0.03241917,0.9357004
6.30423578141276,-0.0509764,1.14131,0.04067852,0.03511206,-0.3635465,-0.03266643,0.9303408
6.31819757340495,-0.05344205,1.141845,0.0381913,0.03249172,-0.3780264,-0.03261023,0.9246496
6.33199914811198,-0.05591562,1.142287,0.03577152,0.02984343,-0.3926525,-0.0324587,0.9186294
6.34552606461589,-0.05833751,1.142771,0.03332185,0.02770003,-0.4069576,-0.03269021,0.9124416
6.35966333268229,-0.06060066,1.143143,0.03084009,0.02599994,-0.4204869,-0.0334391,0.9063094
6.37349542496745,-0.06283271,1.143474,0.02834925,0.02439748,-0.4336871,-0.03402524,0.9000903
6.38715204117839,-0.06494283,1.14378,0.02593937,0.02270496,-0.4466561,-0.0343437,0.893758
6.40128167985026,-0.06700124,1.144072,0.02351257,0.02087427,-0.4592244,-0.03416976,0.8874174
6.41526636002604,-0.06900607,1.144376,0.02111922,0.01927055,-0.4710767,-0.0340498,0.8812243
6.42880853531901,-0.07093618,1.14459,0.01873474,0.01784567,-0.4822334,-0.03405473,0.8751987
6.44293817399089,-0.07271208,1.144767,0.0164585,0.01654521,-0.4930444,-0.03395139,0.869184
6.45700677750651,-0.07444136,1.145034,0.01426483,0.01489942,-0.5037793,-0.03357546,0.8630511
6.4709685694987,-0.07609461,1.145314,0.01208344,0.01316781,-0.514037,-0.03337418,0.8570174
6.48416742203776,-0.0776983,1.145499,0.009975137,0.01145161,-0.5238193,-0.0334013,0.8510973
6.49857934830729,-0.07922955,1.145661,0.007889599,0.01006468,-0.5331174,-0.03345504,0.8453197
6.51250299332682,-0.08066988,1.145836,0.005823882,0.008539605,-0.5420182,-0.03345309,0.8396572
6.52623590348307,-0.08198939,1.145994,0.003777641,0.006813449,-0.5508551,-0.03313473,0.8339151
6.54037317154948,-0.08322857,1.146143,0.00181352,0.005184278,-0.5595788,-0.03284698,0.8281098
6.5543197047526,-0.08443996,1.146291,-8.588005E-05,0.003799484,-0.5678139,-0.03263682,0.822501
6.56793054459635,-0.08566138,1.14643,-0.002004528,0.002706288,-0.5756199,-0.03289116,0.8170511
6.58209833024089,-0.08681163,1.146613,-0.003902557,0.00147175,-0.5831797,-0.03324364,0.8116614
6.59613641617839,-0.08786562,1.14678,-0.005709497,-6.308122E-05,-0.5907595,-0.03348779,0.8061524
6.60967096207682,-0.0888146,1.146976,-0.007457056,-0.001337071,-0.5980334,-0.03425872,0.8007375
6.62387689469401,-0.08968379,1.147185,-0.00911006,-0.002419919,-0.6050109,-0.03526495,0.7954323
6.63773950455729,-0.09049053,1.147311,-0.0107291,-0.003355049,-0.6115393,-0.03609611,0.7903832
6.65116723893229,-0.09125901,1.147401,-0.01235513,-0.004252568,-0.6177841,-0.03673569,0.7854777
6.6654265773112,-0.09202176,1.1476,-0.01396154,-0.005278383,-0.6240106,-0.03728123,0.7805082
6.67938836930339,-0.09270096,1.147869,-0.01552379,-0.006831727,-0.6301818,-0.03776699,0.7754985
6.69339593766276,-0.09330866,1.148096,-0.01697304,-0.008333066,-0.6361907,-0.03826613,0.7705372
6.70697625992839,-0.09383641,1.148241,-0.01843494,-0.00911343,-0.6414923,-0.03895129,0.7660858
6.7210906398112,-0.09435177,1.14829,-0.01994972,-0.009780855,-0.6465365,-0.0397336,0.7617849
6.73512109635417,-0.09486182,1.148436,-0.02147328,-0.01048576,-0.6515225,-0.04022967,0.7574893
6.74858697770182,-0.09532592,1.14866,-0.02295545,-0.01189155,-0.6566733,-0.04053493,0.7529912
6.76267846940104,-0.09576023,1.14887,-0.02443024,-0.01313559,-0.6617156,-0.04081882,0.7485278
6.7768538844401,-0.0961244,1.148941,-0.02588125,-0.01416753,-0.6665369,-0.04100082,0.7442088
6.7904036891276,-0.0964231,1.148876,-0.02744239,-0.0148688,-0.6710695,-0.04095302,0.7401132
6.80453332779948,-0.09666253,1.148909,-0.02909013,-0.01602846,-0.6758785,-0.03995219,0.7357549
6.81864007828776,-0.09688531,1.149075,-0.03068037,-0.01771292,-0.6808412,-0.03842049,0.7312082
6.83244165299479,-0.09714214,1.149295,-0.03217709,-0.01900494,-0.6854301,-0.0374149,0.7269281
6.8459456813151,-0.09738626,1.149373,-0.03361345,-0.0196977,-0.6893791,-0.03714789,0.7231795
6.86022027848307,-0.097645,1.149344,-0.03513084,-0.02028253,-0.6929884,-0.03677472,0.7197245
6.87427362320964,-0.097773,1.149393,-0.03659429,-0.0215593,-0.6968486,-0.03578428,0.7160006
6.88778528092448,-0.09788585,1.149533,-0.03800265,-0.02323826,-0.7007604,-0.0346314,0.7121767
6.90196832535807,-0.0979435,1.149668,-0.03939208,-0.02448598,-0.704411,-0.03411607,0.7085491
6.91588434098307,-0.09803018,1.149691,-0.04091794,-0.02517221,-0.7077526,-0.0338676,0.7051989
6.9294417750651,-0.09810981,1.149709,-0.0423891,-0.02606231,-0.7113647,-0.03301974,0.7015631
6.94367059586589,-0.0982078,1.149767,-0.04382529,-0.02770935,-0.7151692,-0.0315433,0.6976893
6.95762475846354,-0.0982381,1.14991,-0.04525072,-0.02932386,-0.7188528,-0.03038975,0.6938784
6.97114404557292,-0.09822074,1.150007,-0.0466847,-0.03013166,-0.7221415,-0.03036942,0.6904212
6.98538812516276,-0.0981748,1.150033,-0.04816151,-0.03037696,-0.7252532,-0.03092222,0.6871164
6.99922784684245,-0.09805399,1.150022,-0.04967831,-0.03112576,-0.7284507,-0.03094135,0.6836911
7.01318963883464,-0.0979977,1.150179,-0.05113016,-0.03293169,-0.7322945,-0.03007779,0.679526
7.02684625504557,-0.09790035,1.150397,-0.05258961,-0.03505894,-0.7363672,-0.02953869,0.6750272
7.04096826432292,-0.09772746,1.1505,-0.05395555,-0.03605216,-0.7401775,-0.03003979,0.6707721
7.05491479752604,-0.09747136,1.1505,-0.05534114,-0.03605988,-0.7437606,-0.03077563,0.6667629
7.06853326676432,-0.09721529,1.150482,-0.05671612,-0.03649356,-0.7474121,-0.03102427,0.6626318
7.08260187027995,-0.09699418,1.150617,-0.05805823,-0.03797681,-0.7514485,-0.03033078,0.6579992
7.09650262711589,-0.09682256,1.150829,-0.05923664,-0.03960491,-0.7553196,-0.02987145,0.6534765
7.11011346695964,-0.09660964,1.150981,-0.06036014,-0.04017881,-0.7585139,-0.03048134,0.6497025
7.12429651139323,-0.09633504,1.150996,-0.06154591,-0.03980013,-0.7611786,-0.03163776,0.6465464
7.13812097428385,-0.09607188,1.151019,-0.06263725,-0.04035606,-0.763932,-0.03169542,0.6432533
7.15208276627604,-0.09579127,1.151094,-0.06369551,-0.04237768,-0.7668323,-0.03057584,0.6397167
7.16558679459635,-0.09554117,1.151183,-0.06467745,-0.0440837,-0.7695841,-0.02945778,0.6363406
7.17965539811198,-0.09527753,1.151226,-0.06559239,-0.04482706,-0.7718791,-0.02890293,0.6335281
7.19364007828776,-0.09495976,1.151167,-0.06661107,-0.04465262,-0.7734838,-0.02892194,0.6315795
7.20713647721354,-0.09456389,1.151038,-0.0676998,-0.0452763,-0.77522,-0.02787827,0.6294497
7.22136529801432,-0.09428272,1.150967,-0.06862418,-0.04733457,-0.7773759,-0.02596117,0.6267153
7.2353499781901,-0.09394924,1.150945,-0.06945696,-0.04858179,-0.7794738,-0.0245411,0.6240659
7.24882348893229,-0.09368213,1.150943,-0.07019431,-0.0481234,-0.7812111,-0.02407682,0.6219435
7.26313623307292,-0.09338029,1.150846,-0.07110931,-0.04673899,-0.78254,-0.02434516,0.6203661
7.27705987809245,-0.09313286,1.150656,-0.07209236,-0.0469393,-0.7841909,-0.02368619,0.6182883
7.29061731217448,-0.0929651,1.150603,-0.07290109,-0.04852866,-0.7863384,-0.02235217,0.6154813
7.30499109147135,-0.09276079,1.150756,-0.0736976,-0.04968734,-0.7885384,-0.02179005,0.6125876
7.31877740738932,-0.09250633,1.150822,-0.07454385,-0.04894664,-0.7902343,-0.02260021,0.6104288
7.33265527604167,-0.09218449,1.150726,-0.07551517,-0.04781022,-0.7916227,-0.02331399,0.6086906
7.34635003922526,-0.09191839,1.150514,-0.07638662,-0.04818605,-0.7934555,-0.0224773,0.6063014
7.36054071305339,-0.09171396,1.150603,-0.077214,-0.04999588,-0.7955389,-0.02076601,0.6034793
7.37440332291667,-0.09156001,1.150936,-0.07799628,-0.05131032,-0.7973536,-0.02012173,0.6009904
7.38797601578776,-0.09140313,1.151133,-0.0786678,-0.05086956,-0.7985698,-0.02109482,0.5993778
7.4022200953776,-0.09120554,1.151013,-0.07935597,-0.04989666,-0.7993304,-0.02215449,0.5984067
7.41610559342448,-0.09103981,1.150738,-0.07994646,-0.05046435,-0.8001834,-0.02122201,0.5972517
7.42966302750651,-0.09098864,1.150807,-0.08029522,-0.05244414,-0.8011636,-0.01907331,0.595838
7.44397577164714,-0.09090985,1.151158,-0.08056148,-0.05300637,-0.8013669,-0.0184033,0.5955357
7.45776971695964,-0.09079099,1.151292,-0.08087245,-0.05120241,-0.8007254,-0.02016476,0.5964985
7.47138818619792,-0.09068243,1.151015,-0.08129205,-0.04983179,-0.8002304,-0.02148819,0.5972323
7.48563989518229,-0.09082025,1.15096,-0.08130734,-0.05088789,-0.8005952,-0.02045376,0.5966903
7.49956354020182,-0.09080463,1.151131,-0.08149985,-0.05307863,-0.8009667,-0.01857074,0.5960621
7.51334985611979,-0.09090675,1.151414,-0.08155892,-0.05243638,-0.8005244,-0.0193704,0.5966875
7.5268538844401,-0.09097651,1.151678,-0.08159024,-0.05075102,-0.799577,-0.02113472,0.5980421
7.54105981705729,-0.09104791,1.151614,-0.08166338,-0.05098783,-0.7992306,-0.02091503,0.5984926
7.55499872086589,-0.09121593,1.151449,-0.08163825,-0.05348839,-0.7992337,-0.01896947,0.5983348
7.56857904313151,-0.09138614,1.151543,-0.0815866,-0.0543602,-0.7987332,-0.01859695,0.598936
7.58283838151042,-0.09157899,1.151739,-0.08142222,-0.05247208,-0.7974613,-0.02017848,0.6007454
7.59663995621745,-0.09177684,1.151747,-0.08111314,-0.04993349,-0.7960378,-0.02166124,0.6027946
7.61012109635417,-0.09203928,1.151296,-0.08045451,-0.04949354,-0.795127,-0.02095191,0.6040567
7.62440332291667,-0.09231932,1.151538,-0.07986991,-0.05100193,-0.7941365,-0.01885433,0.6053021
7.63815912125651,-0.09260325,1.151802,-0.0792143,-0.051502,-0.7924837,-0.01805041,0.6074466
7.65212854264323,-0.09280914,1.151713,-0.07857002,-0.05032254,-0.7898139,-0.01855658,0.610997
7.66568597672526,-0.09299742,1.151422,-0.07793731,-0.04960665,-0.7869568,-0.01842921,0.6147345
7.6797088038737,-0.0932741,1.151301,-0.07700302,-0.05112196,-0.784499,-0.01644634,0.6178004
7.69364007828776,-0.09357157,1.151427,-0.07595441,-0.05286978,-0.7819948,-0.01434822,0.6208728
7.70725854752604,-0.09383097,1.15152,-0.0748844,-0.05297701,-0.7787789,-0.01355923,0.6249105
7.72147973893229,-0.09403583,1.151495,-0.07366563,-0.05211947,-0.7746624,-0.01341901,0.6300808
7.73545678971354,-0.09422329,1.15146,-0.0723478,-0.05228601,-0.7702721,-0.01258489,0.6354439
7.74896081803385,-0.0944352,1.151487,-0.07088393,-0.05365978,-0.7659954,-0.01130517,0.6405029
7.76318963883464,-0.0946307,1.151626,-0.06930068,-0.05432506,-0.7614669,-0.01070718,0.6458347
7.77706750748698,-0.09475607,1.151769,-0.06754227,-0.05378119,-0.7562762,-0.01089527,0.6519473
7.79066308854167,-0.09493099,1.151959,-0.0655594,-0.0519173,-0.750192,-0.01161377,0.6590763
7.80498346207682,-0.09502007,1.152037,-0.06342039,-0.04965164,-0.7434407,-0.01243535,0.6668404
7.81882318375651,-0.09509043,1.152009,-0.0610961,-0.04786637,-0.736042,-0.01247167,0.6751264
7.83268579361979,-0.09511544,1.151983,-0.05846894,-0.04774828,-0.7284207,-0.01142596,0.6833688
7.84630426285807,-0.09514509,1.152068,-0.05567958,-0.04800395,-0.7200373,-0.01049198,0.6921934
7.86039575455729,-0.09511956,1.152236,-0.0527617,-0.04719767,-0.7107334,-0.01097861,0.7017905
7.87425836442057,-0.09497154,1.152328,-0.04962393,-0.04509311,-0.7002103,-0.01211055,0.7124082
7.88785394547526,-0.09460119,1.152113,-0.04626974,-0.04191964,-0.6883252,-0.01276638,0.7240775
7.90203698990885,-0.09408523,1.151649,-0.04289647,-0.03818943,-0.6747094,-0.01155593,0.7370042
7.9160140406901,-0.09349404,1.151112,-0.03946878,-0.03577822,-0.660785,-0.008487168,0.749674
7.9295638453776,-0.0928573,1.150765,-0.03606222,-0.03464752,-0.6468154,-0.004847631,0.7618437
7.94378503678385,-0.09225599,1.15088,-0.03278384,-0.03444268,-0.6331173,-0.002826828,0.773284
7.95764764664714,-0.09171522,1.151281,-0.02954528,-0.03416257,-0.6196254,-0.003004708,0.7841482
7.97114404557292,-0.09086099,1.151219,-0.02636505,-0.03308595,-0.6056538,-0.003359547,0.7950331
7.98538812516276,-0.08997334,1.150951,-0.02326323,-0.0308904,-0.5911232,-0.002891855,0.8059843
7.99913629410807,-0.08890531,1.150661,-0.02008747,-0.02889002,-0.5768459,-0.0003594418,0.8163418
8.01307519791667,-0.08786821,1.150417,-0.01704867,-0.0273799,-0.5628542,0.002460254,0.8260989
8.02654107926432,-0.08690886,1.150432,-0.01413546,-0.0260184,-0.5491753,0.003731829,0.8352938
8.04070886490885,-0.08591158,1.150396,-0.01125318,-0.02517121,-0.536066,0.003851511,0.843792
8.05460962174479,-0.08479187,1.150182,-0.008389955,-0.02416895,-0.5230646,0.004624183,0.8519377
8.06822809098307,-0.08349182,1.149848,-0.005612182,-0.02255835,-0.5099489,0.006168419,0.8598868
8.08231195328776,-0.08205946,1.149456,-0.002947203,-0.02042863,-0.4964276,0.008313878,0.867798
8.09625085709635,-0.08053775,1.149118,-0.0003237892,-0.01845473,-0.4828343,0.01084826,0.8754501
8.10979303238932,-0.0790364,1.148941,0.002274182,-0.01696649,-0.4693395,0.01291595,0.8827603
8.12398370621745,-0.07756567,1.148819,0.004846642,-0.01585994,-0.4557332,0.01407593,0.8898638
8.1378386866862,-0.07600886,1.148655,0.007329774,-0.01503404,-0.4417448,0.01458036,0.8968962
8.15170892594401,-0.07427593,1.148449,0.009787656,-0.01418439,-0.4275754,0.01547758,0.9037359
8.16521295426432,-0.07243244,1.148283,0.01222253,-0.01323063,-0.4129067,0.01671443,0.9105238
8.17942651627604,-0.07042415,1.148077,0.01454747,-0.01211162,-0.3974505,0.01791707,0.9173688
8.19329675553385,-0.06830683,1.147969,0.01691002,-0.011097,-0.3813505,0.01897293,0.9241692
8.20674737809245,-0.06607183,1.147931,0.01922931,-0.010717,-0.3649718,0.01983201,0.9307456
8.22085412858073,-0.06368117,1.147908,0.02161856,-0.01060503,-0.348078,0.02014522,0.9371892
8.23484643815104,-0.06109985,1.147897,0.0239574,-0.01051655,-0.3300597,0.01994187,0.9436908
8.24840387223307,-0.05841703,1.147816,0.02615661,-0.01007134,-0.3108288,0.01944971,0.9502136
8.2625716578776,-0.05560872,1.147628,0.02823523,-0.00921367,-0.2909788,0.0185236,0.9565058
8.27638086197917,-0.05273189,1.147434,0.03022609,-0.007837542,-0.2708743,0.01766064,0.9624208
8.28988489029948,-0.04970988,1.147253,0.0320963,-0.006330649,-0.2506213,0.01693934,0.9679164
8.30406030533854,-0.04653991,1.147119,0.03390048,-0.004889608,-0.2299768,0.01632255,0.973047
8.31804498551432,-0.04334867,1.146995,0.03552619,-0.003499795,-0.2085193,0.01535083,0.9778915
8.33197625992839,-0.04009175,1.146846,0.03697802,-0.002301947,-0.1867307,0.01428513,0.9823046
8.34536584733073,-0.0369042,1.146659,0.03823876,-0.00099024,-0.1649298,0.01325276,0.9862158
8.35960992692057,-0.03365892,1.146556,0.03945626,-9.404731E-05,-0.1442629,0.0126135,0.989459
8.37370141861979,-0.03049445,1.146526,0.04052644,0.0002394993,-0.1243581,0.01165724,0.992169
8.3872054469401,-0.02743257,1.14656,0.04146053,0.0002350928,-0.104529,0.009529913,0.9944762
8.40140375016276,-0.02435228,1.146534,0.04223758,0.0002682345,-0.08480998,0.006924321,0.9963731
8.41532739518229,-0.02133872,1.146408,0.0428625,0.0007542375,-0.06505461,0.004283581,0.9978722
8.4288314235026,-0.01832457,1.146269,0.04335123,0.001431559,-0.04600617,0.00255066,0.9989369
8.4430144679362,-0.01536832,1.146096,0.04365775,0.002197859,-0.02811088,0.002025655,0.9996004
8.45706781266276,-0.01252277,1.14589,0.04386592,0.002716939,-0.01085501,0.001259273,0.9999366
8.47062524674479,-0.009751199,1.145619,0.04399336,0.003171036,0.005961632,-0.0003532488,0.9999772
8.48480829117839,-0.007156571,1.145372,0.04399695,0.003728635,0.02278234,-0.002952383,0.9997292
8.49886163590495,-0.004517652,1.145211,0.04390237,0.004432242,0.03941494,-0.005497043,0.999198
8.51277002213542,-0.001908587,1.145063,0.04375549,0.00505973,0.05589185,-0.007418531,0.9983965
8.5262664210612,0.0006671529,1.144836,0.04351699,0.005583886,0.07168274,-0.008639594,0.9973745
8.54047235367839,0.003194844,1.144587,0.04323601,0.005805614,0.08667465,-0.009776591,0.9961718
8.5544646632487,0.005597953,1.144354,0.04292813,0.00577788,0.1013654,-0.01154506,0.9947655
8.56793054459635,0.007998988,1.144167,0.04256419,0.005690907,0.1160096,-0.01358506,0.9931388
8.5821517360026,0.01035041,1.144018,0.04212515,0.00554853,0.1306615,-0.01540338,0.9912919
8.59622033951823,0.01274336,1.143828,0.04159444,0.005248485,0.1451109,-0.01669115,0.9892607
8.60977014420573,0.01510618,1.143549,0.04093524,0.004821592,0.1596864,-0.01774005,0.9869966
8.62409814713542,0.01744767,1.143311,0.04021991,0.004346324,0.1743713,-0.01877225,0.9844914
8.63796838639323,0.01973943,1.143224,0.03947396,0.003816211,0.1887823,-0.01974498,0.9818131
8.65192254899089,0.02202334,1.143205,0.03864066,0.0031824,0.2029396,-0.02040813,0.9789734
8.66547998307292,0.02424629,1.143185,0.037738,0.00254862,0.2170208,-0.02077541,0.9759426
8.67974695084635,0.02644682,1.142996,0.03672747,0.002099001,0.2309443,-0.02121795,0.9727333
8.69376214860026,0.0286791,1.142765,0.03562807,0.001703012,0.2449132,-0.02203118,0.9692932
8.70730432389323,0.03083655,1.142627,0.03449637,0.001298836,0.2591104,-0.02301677,0.9655726
8.72148736832682,0.03300478,1.142623,0.0334025,0.0006312429,0.2732789,-0.02363963,0.9616442
8.73553308365885,0.03509173,1.142595,0.03228138,-9.106076E-05,0.2870364,-0.02321468,0.9576384
8.74913629410807,0.03718199,1.142422,0.03103464,-0.0007273633,0.3003569,-0.02273682,0.9535556
8.76334985611979,0.03917234,1.142261,0.02968565,-0.001082702,0.3136432,-0.02300606,0.9492615
8.77727350113932,0.0411205,1.142079,0.0282809,-0.001469788,0.3269833,-0.02354423,0.9447357
8.7909148585612,0.04304617,1.141915,0.02679276,-0.001681822,0.3400958,-0.02349254,0.9400958
8.80503686783854,0.04491307,1.141651,0.02522924,-0.001816436,0.3530478,-0.02310196,0.9353184
8.81915124772135,0.04673545,1.141396,0.02358561,-0.001901219,0.3659509,-0.02308047,0.930346
8.83308252213542,0.04856318,1.141195,0.02185333,-0.002103822,0.3789907,-0.02352816,0.925099
8.84659417985026,0.05025363,1.140918,0.01993773,-0.002412224,0.3920959,-0.02356636,0.9196193
8.86080774186198,0.05189363,1.140608,0.01796746,-0.002638974,0.4050904,-0.02323541,0.9139775
8.87483056901042,0.05355205,1.140391,0.01598899,-0.003075006,0.4180749,-0.02315417,0.9081122
8.88834985611979,0.05513423,1.140152,0.01397596,-0.003831819,0.4310184,-0.02325019,0.9020354
8.90255578873698,0.0567009,1.139883,0.01188071,-0.004492046,0.4437591,-0.02355549,0.8958252
8.9165252101237,0.0582489,1.139632,0.009737882,-0.005078017,0.456282,-0.02403852,0.889496
8.93012842057292,0.05969029,1.139368,0.007613067,-0.005424023,0.4686151,-0.02437391,0.8830495
8.94438775895182,0.06106567,1.139101,0.005516097,-0.005695863,0.480329,-0.02452426,0.876727
8.95826562760417,0.06243729,1.138916,0.00336262,-0.006370489,0.4913787,-0.02477,0.8705704
8.97209771988932,0.06382675,1.138748,0.001140151,-0.007737113,0.5022847,-0.02552493,0.8642909
8.98570855973307,0.0651309,1.138572,-0.001071274,-0.009642726,0.5133259,-0.02668076,0.8577248
8.99985345719401,0.06630671,1.138311,-0.003254807,-0.01115727,0.5239806,-0.02771265,0.8512061
9.01385339615885,0.0673879,1.138004,-0.005490636,-0.0115986,0.5337713,-0.02834736,0.8450741
9.02752527115885,0.0683592,1.137681,-0.007687892,-0.01138821,0.5429901,-0.02895048,0.8391626
9.04159387467448,0.06930919,1.13735,-0.009839145,-0.01145953,0.5520645,-0.02995223,0.8331845
9.05553277848307,0.07021379,1.137058,-0.0120267,-0.0121079,0.5608864,-0.03115113,0.8272179
9.06912835953776,0.07105799,1.136739,-0.01411578,-0.01328236,0.5695862,-0.03226183,0.8211909
9.08333429215495,0.07189238,1.136454,-0.01620436,-0.01430729,0.5780019,-0.03326328,0.8152317
9.09740289567057,0.07262535,1.136142,-0.01822827,-0.01507648,0.5860742,-0.03416886,0.8093962
9.11083063004557,0.07334365,1.135874,-0.02028104,-0.01550857,0.5937717,-0.03474252,0.8037336
9.12498315690104,0.07410027,1.135699,-0.02225285,-0.0160229,0.6013407,-0.03520438,0.7980559
9.1389144313151,0.0748027,1.13552,-0.02412688,-0.01686314,0.6087736,-0.03586739,0.7923533
9.15293725846354,0.0753619,1.135233,-0.02607965,-0.01773105,0.6159416,-0.03645123,0.7867483
9.16647180436198,0.07581015,1.134924,-0.02803756,-0.0183292,0.6227571,-0.03719437,0.7813156
9.18063959000651,0.07617868,1.134599,-0.03001525,-0.01906173,0.6294039,-0.03829264,0.7759002
9.1946013819987,0.07649904,1.134222,-0.03190067,-0.01982399,0.6359049,-0.0397079,0.7704903
9.20812066910807,0.07683042,1.133843,-0.0337366,-0.02086215,0.6423216,-0.04157068,0.7650227
9.22240289567057,0.07714008,1.133552,-0.03555832,-0.02192687,0.6486691,-0.04301852,0.7595374
9.23624261735026,0.0773716,1.13331,-0.03734762,-0.02283907,0.6548858,-0.04393715,0.7541038
9.24980005143229,0.07750923,1.133012,-0.03916916,-0.02343431,0.6608143,-0.04445979,0.7488648
9.2638152491862,0.0775751,1.132699,-0.04100654,-0.02375831,0.666518,-0.04518718,0.7437388
9.27784570572917,0.07759173,1.132337,-0.04273624,-0.02416628,0.6724186,-0.04640556,0.7383196
9.29171594498698,0.07766287,1.13203,-0.0444358,-0.02437877,0.6782892,-0.04724829,0.7328691
9.30518182633464,0.07777512,1.131816,-0.04616957,-0.02445004,0.6839593,-0.04739063,0.7275686
9.31944116471354,0.07782434,1.131696,-0.04786576,-0.02466022,0.6895221,-0.04711848,0.7223095
9.3333724391276,0.07783245,1.131464,-0.04954356,-0.02547087,0.6951723,-0.04721177,0.7168387
9.34695276139323,0.07777001,1.13112,-0.0512234,-0.02612386,0.700811,-0.04749183,0.7112848
9.36117395279948,0.07765818,1.130818,-0.05289397,-0.02631325,0.7063605,-0.04744775,0.70577
9.37513574479167,0.0775509,1.130611,-0.0546001,-0.0255934,0.7116576,-0.04678749,0.7004995
9.38871606705729,0.07740851,1.130382,-0.05625619,-0.0248438,0.7169002,-0.04618514,0.6952006
9.40286096451823,0.07722116,1.130075,-0.05790869,-0.02485364,0.7221615,-0.04642905,0.6897169
9.41687616227214,0.07692385,1.129729,-0.05948358,-0.02538437,0.7272781,-0.04735801,0.6842364
9.4304183375651,0.0766122,1.129302,-0.06088677,-0.0256039,0.731972,-0.04789255,0.679167
9.44449457047526,0.07635693,1.128956,-0.06233583,-0.02532009,0.7360082,-0.04789212,0.6748016
9.45844873307292,0.07610616,1.128696,-0.06383326,-0.02559012,0.7400835,-0.04814183,0.6703014
9.47246393082682,0.07580394,1.12848,-0.06536108,-0.02717432,0.7445253,-0.04909851,0.6652316
9.4859603297526,0.07537641,1.128256,-0.06678277,-0.029231,0.7491082,-0.05070953,0.6598569
9.50016626236979,0.07486482,1.127972,-0.06804206,-0.03042726,0.7532755,-0.05227472,0.654918
9.51424249527995,0.07434031,1.127699,-0.06937556,-0.03025851,0.7566683,-0.05338957,0.6509125
9.5276091944987,0.07383946,1.127513,-0.07061764,-0.02972552,0.7596784,-0.05441283,0.6473363
9.54181512711589,0.07336625,1.127372,-0.07185063,-0.03046327,0.7626261,-0.05552962,0.6437314
9.55571588395182,0.07294546,1.127342,-0.07291244,-0.03244467,0.7653811,-0.05650467,0.6402705
9.56925805924479,0.07246286,1.127294,-0.07389006,-0.03435382,0.7679526,-0.05698721,0.6370409
9.58354791520182,0.07197267,1.12717,-0.07491595,-0.0353419,0.7700517,-0.05685835,0.6344591
9.59747156022135,0.07142502,1.127025,-0.07582278,-0.03578554,0.7721924,-0.05698581,0.6318156
9.6109603297526,0.07083245,1.126876,-0.07665344,-0.03636327,0.774443,-0.05739235,0.6289847
9.62533410904948,0.07024208,1.126663,-0.07738758,-0.03717168,0.7767094,-0.05815295,0.6260663
9.63917383072917,0.06973255,1.126468,-0.0779302,-0.0375128,0.7787226,-0.05885996,0.6234737
9.65293725846354,0.06929794,1.126342,-0.07842915,-0.036924,0.7801902,-0.05890458,0.6216673
9.66647943375651,0.06889501,1.126222,-0.07895459,-0.03618095,0.7809666,-0.05844312,0.6207789
9.68057855485026,0.06860225,1.126067,-0.07934479,-0.03672171,0.7819977,-0.05893036,0.6194016
9.69457086442057,0.06833975,1.125931,-0.07960141,-0.03843356,0.7832338,-0.06001233,0.6176296
9.70814355729167,0.06806023,1.125839,-0.07983392,-0.03895783,0.784088,-0.06037832,0.6164762
9.72225793717448,0.06777894,1.125757,-0.07998724,-0.03840461,0.7843577,-0.06010817,0.6161941
9.73618158219401,0.06751206,1.125643,-0.08013744,-0.03766574,0.7844714,-0.06003643,0.6161019
9.74968561051432,0.06725595,1.125575,-0.08026956,-0.03752287,0.784767,-0.06041862,0.6156968
9.7639373194987,0.06713058,1.125696,-0.08015747,-0.03774736,0.7847283,-0.06036426,0.6157376
9.77788385270182,0.06707907,1.125929,-0.07996544,-0.03759398,0.783999,-0.05947796,0.6167614
9.7913802516276,0.06708576,1.126074,-0.07960033,-0.03710653,0.7827456,-0.05830775,0.6184922
9.80560144303385,0.06710969,1.125899,-0.0789807,-0.03719569,0.781675,-0.05814311,0.6198549
9.81952508805339,0.06714144,1.125933,-0.07841773,-0.03830289,0.7809696,-0.05929653,0.620567
9.83340295670573,0.06720556,1.126148,-0.07783832,-0.03848099,0.7800239,-0.0595513,0.6217198
9.84695276139323,0.06732093,1.126417,-0.07705312,-0.03756585,0.7784313,-0.05868633,0.6238505
9.86107477067057,0.06747594,1.12664,-0.07614353,-0.03593296,0.7759168,-0.05702957,0.6272237
9.87505182145182,0.06758602,1.126807,-0.07511856,-0.03499839,0.7731854,-0.05597855,0.6307345
9.88860925553385,0.06773064,1.127043,-0.0738285,-0.03557801,0.7707108,-0.05626783,0.6336979
9.9028304469401,0.06796974,1.127447,-0.07246416,-0.03647711,0.7677464,-0.05638739,0.6372247
9.9167693507487,0.0681859,1.127915,-0.07098586,-0.0361155,0.763759,-0.05514697,0.6421268
9.9302962672526,0.06838331,1.128305,-0.06935205,-0.03450074,0.7589183,-0.05311419,0.6480985
9.9445784938151,0.06858502,1.128675,-0.06744635,-0.03250891,0.7535083,-0.05115819,0.6546384
9.95818933365885,0.06878421,1.129064,-0.06542605,-0.03149019,0.7477813,-0.05006769,0.6613053
9.97214349625651,0.06898153,1.129522,-0.06327417,-0.03188864,0.7418176,-0.04956934,0.6680065
9.98576959488932,0.06907479,1.129918,-0.06108903,-0.03284437,0.7356129,-0.04907136,0.6748236
9.99994500992839,0.06913774,1.130408,-0.05867359,-0.03330172,0.7290804,-0.04830035,0.6819091
10.0138457667643,0.06918742,1.131006,-0.05614941,-0.03248407,0.7216942,-0.04697295,0.689852
10.0275405299479,0.06919164,1.131611,-0.05347593,-0.0308582,0.7130921,-0.04526543,0.6989267
10.0416549098307,0.06918828,1.132127,-0.0507162,-0.02917871,0.7035966,-0.04367742,0.7086557
10.0557235133464,0.06909051,1.132475,-0.04795797,-0.02855594,0.6938302,-0.04253647,0.718314
10.0692275416667,0.06891111,1.132773,-0.04507999,-0.02931513,0.6847488,-0.04211958,0.7269702
10.0834105861003,0.06865254,1.133165,-0.04213141,-0.02999901,0.6759634,-0.04178938,0.7351375
10.0972960841471,0.06830663,1.133583,-0.03913061,-0.02930089,0.6668333,-0.0407233,0.7435163
10.1109145533854,0.06787686,1.13398,-0.03601555,-0.02669875,0.6565948,-0.03901403,0.7527605
10.1252425563151,0.06753136,1.134375,-0.03280687,-0.02313989,0.6446555,-0.03681169,0.7632357
10.1391509425456,0.06708226,1.134839,-0.0295861,-0.02147147,0.6326405,-0.03548898,0.773334
10.152929629069,0.06668306,1.135313,-0.02635531,-0.02178259,0.6215618,-0.03462837,0.7822962
10.1663649928385,0.0661762,1.135852,-0.02316993,-0.022137,0.6110399,-0.03318291,0.7905942
10.1805632960612,0.06550466,1.136268,-0.01992686,-0.02147409,0.6005366,-0.03116204,0.7987012
10.1946166407878,0.06465247,1.136521,-0.01673935,-0.0190602,0.5888236,-0.02899338,0.8075166
10.2080977809245,0.06382599,1.136778,-0.01357536,-0.01502562,0.575541,-0.02676598,0.8171967
10.2222808253581,0.06291929,1.137165,-0.01040823,-0.01252468,0.5622693,-0.02567585,0.8264607
10.2363417994792,0.06203224,1.137695,-0.007311524,-0.01210678,0.5500141,-0.02508111,0.8346909
10.2497619044596,0.06121518,1.138315,-0.004435426,-0.01263376,0.538596,-0.02347185,0.8421425
10.2639525782878,0.0602355,1.13883,-0.001375624,-0.01326623,0.5279596,-0.02169692,0.8488886
10.2779830348307,0.05914562,1.139057,0.001460849,-0.01347675,0.516727,-0.0200043,0.8558104
10.2914489161784,0.057989,1.139269,0.00425196,-0.01203248,0.5048599,-0.01838155,0.8629217
10.305631960612,0.05680344,1.139542,0.007007024,-0.009998441,0.4924111,-0.01651994,0.8701485
10.3195708644206,0.05561376,1.139965,0.009632298,-0.008531082,0.4794117,-0.01497681,0.8774208
10.3333724391276,0.05446231,1.140408,0.012261,-0.008459511,0.4666411,-0.01389738,0.8842971
10.3469375026042,0.05327876,1.140776,0.01472764,-0.009160088,0.4543766,-0.01278397,0.8906708
10.3610442530924,0.0520058,1.141041,0.01713211,-0.009720849,0.4424158,-0.01172523,0.8966807
10.3751510035807,0.05059986,1.14124,0.01947651,-0.009718338,0.4306527,-0.01144172,0.9023929
10.3885634791667,0.04921391,1.141456,0.02168934,-0.008828695,0.4181996,-0.01080583,0.908248
10.4026397120768,0.04787392,1.141827,0.02383029,-0.007621456,0.4051475,-0.009740112,0.9141677
10.4166320216471,0.04656883,1.142351,0.0259074,-0.007121911,0.3918338,-0.008547862,0.9199688
10.4301894557292,0.04516552,1.142815,0.0279276,-0.007584533,0.3787274,-0.007913067,0.9254434
10.4444182765299,0.04376758,1.143158,0.02984167,-0.008389163,0.3657115,-0.007706372,0.9306586
10.4583114039714,0.04228715,1.143458,0.0316574,-0.009036698,0.3528111,-0.007781262,0.9356186
10.4720824611003,0.040767,1.143731,0.03334344,-0.009390198,0.339802,-0.008011517,0.940416
10.4855330836589,0.0392376,1.144105,0.03494111,-0.009184876,0.3263861,-0.008023145,0.9451579
10.4997161280924,0.03767423,1.144577,0.03645523,-0.008863157,0.3124818,-0.007667642,0.9498515
10.5136931788737,0.03606672,1.144994,0.03789829,-0.008754535,0.2981064,-0.007224159,0.9544652
10.5272277247721,0.03436956,1.145366,0.03925427,-0.008903876,0.283588,-0.006838413,0.9588805
10.5413268458659,0.0326747,1.145574,0.0404628,-0.009313122,0.2689682,-0.006828667,0.9630799
10.5553344142253,0.03093184,1.145779,0.04150672,-0.009491682,0.2547576,-0.00730775,0.9669307
10.5688537013346,0.02913933,1.146025,0.04246259,-0.009475682,0.2408825,-0.008186981,0.9704735
10.5830214869792,0.02737006,1.146299,0.04327222,-0.00920536,0.2269324,-0.009048059,0.973825
10.597021425944,0.02563427,1.146604,0.04394887,-0.009006736,0.2128027,-0.009373298,0.9770088
10.6104720485026,0.02392768,1.146991,0.04452868,-0.009103169,0.1983544,-0.009098428,0.9800459
10.6246474635417,0.02221699,1.147371,0.04502122,-0.009595449,0.1839093,-0.008630212,0.9828585
10.6385329615885,0.02052773,1.147704,0.04540343,-0.01026728,0.1695508,-0.008401946,0.9854322
10.6521285426432,0.0188157,1.147962,0.04565469,-0.01089742,0.1555552,-0.008344674,0.9877319
10.6656554591471,0.01711053,1.1481,0.04575323,-0.0111682,0.1419422,-0.008555274,0.989775
10.6798766505534,0.01552685,1.148262,0.04573581,-0.01090771,0.1286912,-0.009007758,0.9915838
10.6937774073893,0.0139835,1.148554,0.04564391,-0.01063574,0.116144,-0.009751035,0.9931276
10.7073882472331,0.012521,1.148777,0.04548891,-0.0104733,0.104209,-0.01056411,0.9944442
10.7215407740885,0.01115246,1.148939,0.04523163,-0.01018805,0.09259681,-0.01116961,0.995589
10.7355178248698,0.009880513,1.149061,0.04490298,-0.009648715,0.08147646,-0.01157357,0.9965613
10.7490523707682,0.008750778,1.149195,0.04449137,-0.008857007,0.07093118,-0.01171819,0.997373
10.7631438624674,0.007681802,1.149246,0.04401889,-0.008015796,0.06081539,-0.01165775,0.9980488
10.7770522486979,0.00672712,1.149206,0.04349924,-0.006998767,0.05135028,-0.01145931,0.9985905
10.7906478297526,0.005879598,1.149184,0.0429914,-0.00591964,0.04240172,-0.01136133,0.9990185
10.8047698390299,0.005113347,1.149266,0.0424552,-0.005061354,0.03421748,-0.0114344,0.9993362
10.8185943019206,0.00443108,1.149417,0.04192802,-0.004571393,0.02667956,-0.01125385,0.9995703
10.8325332057292,0.003883176,1.14947,0.04142007,-0.004242103,0.01932628,-0.01104511,0.9997433
10.8460219752604,0.003471885,1.149499,0.04088382,-0.004039613,0.01292088,-0.01101407,0.9998478
10.8603042018229,0.003143402,1.149555,0.04036184,-0.003784003,0.00745393,-0.01152937,0.9998986
10.874235476237,0.002892319,1.149554,0.03985438,-0.003600836,0.002765477,-0.01216395,0.9999157
10.8877242457682,0.002771718,1.149557,0.03933623,-0.00311556,-0.001495652,-0.01274136,0.9999129
10.9018157374674,0.002782078,1.149563,0.03885293,-0.002549993,-0.005224939,-0.01293033,0.9998995
10.9158233058268,0.002797741,1.149596,0.03838516,-0.002076598,-0.008330373,-0.01307345,0.9998778
10.9293349635417,0.002889428,1.149585,0.03792924,-0.001806947,-0.01100207,-0.01345077,0.9998475
10.9435332667643,0.003037427,1.149564,0.03747905,-0.00163744,-0.0129214,-0.01400489,0.9998171
10.9574416529948,0.003275162,1.149535,0.03708576,-0.001502675,-0.01421332,-0.0146383,0.9997907
10.9708999049479,0.003603738,1.149508,0.0367161,-0.001297179,-0.01498792,-0.01518685,0.9997715
10.9850829493815,0.003980204,1.149459,0.03636695,-0.001071054,-0.01531159,-0.01574385,0.9997582
10.9989837062174,0.004337139,1.149427,0.03599785,-0.0008082759,-0.01504162,-0.01634287,0.999753
11.0128463160807,0.004714547,1.149426,0.03567105,-0.0007143864,-0.01451662,-0.01693808,0.999751
11.0263198268229,0.005095892,1.149467,0.03534707,-0.0008058076,-0.01373546,-0.01760226,0.9997504
11.0405715358073,0.005537033,1.149519,0.03509735,-0.00101265,-0.01252634,-0.01838274,0.999752
11.0544570338542,0.005995432,1.149557,0.03485351,-0.001249035,-0.01116697,-0.01921271,0.9997523
11.0679763209635,0.006449424,1.149577,0.03461656,-0.0016034,-0.009361636,-0.02001018,0.9997547
11.0821669947917,0.006878668,1.149602,0.03438932,-0.001977095,-0.007420399,-0.02084283,0.9997533
11.0960601222331,0.007243903,1.149668,0.03416521,-0.002503068,-0.005181135,-0.02152087,0.9997519
11.1095641505534,0.007651994,1.149791,0.03394456,-0.003023966,-0.003011485,-0.0220571,0.9997476
11.1237395655924,0.008086339,1.149897,0.03372562,-0.003525654,-0.0009041661,-0.02249062,0.9997405
11.1376937281901,0.008476827,1.149982,0.03349848,-0.003955199,0.001314621,-0.02293897,0.9997282
11.1515410792643,0.008849703,1.149976,0.03326236,-0.004286466,0.003603193,-0.02329257,0.9997131
11.165006960612,0.00915768,1.149969,0.03301379,-0.004525167,0.005916261,-0.0236245,0.9996932
11.1793197047526,0.009481225,1.14996,0.0327637,-0.004694362,0.008127528,-0.02376038,0.9996737
11.1932586085612,0.009770146,1.149928,0.03250185,-0.004793112,0.01028425,-0.02374852,0.9996536
11.2067397486979,0.01006757,1.149892,0.03221443,-0.004645634,0.01213459,-0.02333685,0.9996433
11.2208922755534,0.0103217,1.14982,0.03193675,-0.004574272,0.01387443,-0.02296799,0.9996295
11.2348235499674,0.01051095,1.1498,0.03168932,-0.004520358,0.01549496,-0.02280682,0.9996096
11.2484038722331,0.01063343,1.149768,0.03142957,-0.004600313,0.0169271,-0.02285775,0.9995848
11.262663210612,0.01072911,1.14976,0.03116432,-0.004747957,0.01817344,-0.02296457,0.9995599
11.2765105616862,0.01092198,1.149755,0.03091142,-0.004919535,0.01916395,-0.02313556,0.9995366
11.2900527369792,0.0109978,1.149787,0.03065474,-0.005087287,0.01995549,-0.02307385,0.9995216
11.3043120753581,0.01104906,1.149824,0.03040603,-0.005328945,0.020496,-0.02288361,0.9995138
11.3182662379557,0.01102732,1.149801,0.03016064,-0.005575871,0.02090424,-0.02277551,0.9995065
11.3320983302409,0.01096382,1.149756,0.02990312,-0.005867113,0.0212001,-0.02287292,0.9994965
11.345312441569,0.01087915,1.14975,0.0296649,-0.006217572,0.02149538,-0.02311708,0.9994823
11.3595946681315,0.01080865,1.149802,0.02946218,-0.006579635,0.0217171,-0.02339895,0.9994687
11.3735717189128,0.0107462,1.149858,0.02926146,-0.006849498,0.02182218,-0.02353469,0.9994614
11.3871672999674,0.01065419,1.14991,0.02907134,-0.007128689,0.021776,-0.02343416,0.9994628
11.4013274562174,0.01052228,1.149969,0.02887052,-0.007457098,0.02146765,-0.02327436,0.9994708
11.4153884303385,0.01037421,1.15003,0.02867634,-0.007801297,0.02115676,-0.02314339,0.9994778
11.4289077174479,0.01021689,1.15008,0.02851986,-0.008247978,0.02083538,-0.02303987,0.9994835
11.4430755030924,0.01011289,1.150158,0.02836907,-0.008706702,0.0205508,-0.02300819,0.9994861
11.4570449244792,0.01000658,1.150219,0.02823238,-0.009148411,0.02032018,-0.02301458,0.9994868
11.4709838282878,0.009877734,1.15027,0.02810527,-0.009514562,0.01996852,-0.02306863,0.9994892
11.4844573390299,0.009713786,1.150306,0.02795719,-0.009759995,0.01975415,-0.0229841,0.9994931
11.4986937892253,0.009565374,1.15034,0.02780873,-0.009958666,0.01953067,-0.02280492,0.9994996
11.5126326930339,0.009481309,1.150362,0.02769843,-0.01009343,0.01940071,-0.02261674,0.999505
11.5261748683268,0.009433029,1.150385,0.02758836,-0.0103448,0.01931156,-0.02256121,0.9995054
11.5404494654948,0.009393979,1.150401,0.02748581,-0.01064699,0.01921372,-0.02247108,0.9995061
11.5543502223307,0.009287467,1.150412,0.02742084,-0.01093786,0.01906135,-0.02238007,0.999508
11.5679534327799,0.009157423,1.15043,0.02734542,-0.01127284,0.01886478,-0.0222106,0.9995118
11.5821135890299,0.009023264,1.150452,0.02729017,-0.01164637,0.01867691,-0.022127,0.9995129
11.5960524928385,0.008953921,1.15049,0.02727407,-0.01194155,0.01850249,-0.02202467,0.9995149
11.6095031153971,0.008907413,1.150506,0.02725417,-0.01217387,0.01831326,-0.02177817,0.999521
11.6237395655924,0.008856911,1.150495,0.02723271,-0.01223919,0.01814232,-0.02156314,0.999528
11.6377242457682,0.008746574,1.15048,0.02719554,-0.01211915,0.01814299,-0.02135667,0.9995338
11.6510680568034,0.008629844,1.150462,0.02715043,-0.01197188,0.01804112,-0.02127691,0.9995391
11.6651976954753,0.008535555,1.150444,0.02711902,-0.01189172,0.01796329,-0.02110056,0.9995452
11.6794188868815,0.008488556,1.150413,0.02711229,-0.01186308,0.01791628,-0.02096902,0.9995492
11.6932814967448,0.008457109,1.1504,0.02712406,-0.01199461,0.01773993,-0.02085862,0.9995531
11.7210524928385,0.008317063,1.150447,0.02716646,-0.01253351,0.01748428,-0.02092053,0.9995497
11.7356475245768,0.00823381,1.150523,0.02718029,-0.01281861,0.01748708,-0.02090418,0.9995464
11.7487777125651,0.0081774,1.150584,0.02721274,-0.0130342,0.01757115,-0.0208438,0.9995434
11.7627547633464,0.008192284,1.150622,0.02723504,-0.01308928,0.017608,-0.02066929,0.9995456
11.7766936671549,0.008210748,1.150641,0.02724299,-0.01305661,0.01753859,-0.02048751,0.999551
11.7983382594401,0.008179577,1.150642,0.02724651,-0.01308399,0.01755652,-0.02028825,0.9995544
11.8046172511393,0.008073982,1.150607,0.02722169,-0.01309917,0.01758056,-0.02019063,0.9995558
11.8149932277018,0.007982032,1.150571,0.0272159,-0.013073,0.01760839,-0.02011576,0.9995571
11.8287566554362,0.007904224,1.150513,0.02721454,-0.01309809,0.01760487,-0.02007389,0.9995577
11.8430617701823,0.007870398,1.150491,0.02721972,-0.01313059,0.01755222,-0.01997107,0.9995603
11.8571074855143,0.007853659,1.150474,0.02722272,-0.01318662,0.01746348,-0.01983113,0.9995639
11.8710311305339,0.007795762,1.150431,0.0272235,-0.01315888,0.01736328,-0.01972491,0.999568
11.8852294337565,0.007694824,1.150408,0.02719837,-0.0130876,0.0173024,-0.01967862,0.999571
11.8993209254557,0.007587736,1.150422,0.02716718,-0.01300973,0.01732754,-0.01977636,0.9995697
11.9133742701823,0.00752734,1.150436,0.02716113,-0.0129918,0.017408,-0.01997288,0.9995646
11.9272902858073,0.007496204,1.150403,0.02713869,-0.01294462,0.01747319,-0.02002278,0.999563
11.9414809596354,0.007459488,1.150355,0.02712926,-0.01289896,0.01742811,-0.0199026,0.9995668
11.9555648219401,0.00738357,1.150362,0.02713838,-0.01298875,0.0173121,-0.01962292,0.9995732
11.9694121730143,0.007276982,1.150381,0.02715046,-0.01332221,0.01708217,-0.01926424,0.9995797
11.9835723292643,0.007182414,1.15038,0.02716558,-0.01345055,0.0169043,-0.01917979,0.9995826
11.9974959742839,0.007115619,1.150362,0.02718257,-0.01353697,0.01685385,-0.01916064,0.9995827
12.0112594020182,0.007066032,1.150368,0.0272004,-0.01368212,0.01668618,-0.01915409,0.9995837
12.0253356349284,0.007012868,1.150397,0.02722605,-0.01384426,0.01655712,-0.01903468,0.9995859
12.0392592799479,0.006901458,1.150424,0.02724116,-0.01392246,0.0163917,-0.01887743,0.9995905
12.0532287013346,0.006797548,1.150434,0.02725751,-0.01392113,0.0162174,-0.01865774,0.9995975
12.0669616114909,0.006690271,1.150419,0.02728081,-0.01390003,0.01596298,-0.01853304,0.9996042
12.0810454737956,0.006627215,1.150438,0.02730953,-0.01384943,0.01574126,-0.01857382,0.9996076
12.0950072657878,0.006560393,1.15045,0.02733866,-0.0138305,0.01550016,-0.01864209,0.9996104
12.108740175944,0.006472686,1.150438,0.02737261,-0.01373554,0.01526553,-0.01864059,0.9996154
12.1228316676432,0.006354969,1.1504,0.02739833,-0.0135851,0.01497441,-0.01853269,0.9996238
12.1367705714518,0.006223261,1.150349,0.02743102,-0.01346368,0.01468124,-0.01846576,0.9996311
12.1506484401042,0.006107176,1.150297,0.02747785,-0.01336622,0.01425958,-0.0183326,0.9996409
12.1644500148112,0.006000191,1.150261,0.0275374,-0.01328911,0.01382432,-0.01810526,0.9996522
12.1786025416667,0.005893428,1.150267,0.02761101,-0.01332858,0.01329449,-0.0179792,0.9996611
12.192365969401,0.005754814,1.150275,0.02768321,-0.01341522,0.01282873,-0.01790643,0.9996674
12.2064422023112,0.005591905,1.15027,0.0277475,-0.01346215,0.01229943,-0.01783819,0.9996746
12.2204116236979,0.005435577,1.150263,0.02780771,-0.01341505,0.01170297,-0.01771899,0.9996845
12.2343200099284,0.005305126,1.150254,0.02787057,-0.01323575,0.01104857,-0.01754314,0.9996974
12.2480529200846,0.005182836,1.150247,0.02792876,-0.01307325,0.01027211,-0.01715743,0.9997146
12.2621596705729,0.005056029,1.150239,0.02799572,-0.01299352,0.009465589,-0.01677526,0.9997301
12.2899230372721,0.004688235,1.150241,0.02810909,-0.01268326,0.007734808,-0.0161291,0.9997596
12.3178313624674,0.004362531,1.150111,0.0282159,-0.01207911,0.006153177,-0.01589358,0.9997818
12.3315032374674,0.004246926,1.15001,0.02827466,-0.01181123,0.005434795,-0.01586029,0.9997897
12.3452361476237,0.00415053,1.149951,0.02833692,-0.01169289,0.004634402,-0.0157726,0.9997965
12.3592894923503,0.00402512,1.149933,0.02839744,-0.01166856,0.003874406,-0.01560909,0.9998026
12.3732436549479,0.003911423,1.149932,0.02845038,-0.01161518,0.003078972,-0.01545639,0.9998084
12.3869613063151,0.003820546,1.149934,0.02849398,-0.01153003,0.002344354,-0.01527432,0.9998141
12.4010070216471,0.003753727,1.149931,0.0285342,-0.01134516,0.00166604,-0.01531607,0.9998169
12.4150451075846,0.003698958,1.149902,0.02855453,-0.01109468,0.001068162,-0.01542557,0.9998189
12.4287017237956,0.003642045,1.14985,0.02856277,-0.01092598,0.000508094,-0.01565013,0.9998177
12.4427474391276,0.003562048,1.149806,0.02854251,-0.01070257,-1.65646E-05,-0.01578548,0.9998181
12.4566100489909,0.003487721,1.149778,0.0285099,-0.0105147,-0.0005943201,-0.01589013,0.9998183
12.4703505885417,0.00343403,1.149751,0.02849995,-0.01049424,-0.001225661,-0.01594286,0.9998171
12.4844344508464,0.003422309,1.149747,0.0285097,-0.01051694,-0.00177497,-0.0160033,0.9998151
12.498388613444,0.0034097,1.149756,0.02852406,-0.01066769,-0.002206563,-0.0162194,0.9998091
12.5122893702799,0.003402647,1.149781,0.02852973,-0.01081264,-0.002610167,-0.0164686,0.9998025
12.5259841334635,0.003399614,1.149826,0.02852386,-0.01089302,-0.002943989,-0.01670613,0.9997968
12.5400985133464,0.003406027,1.149873,0.02851714,-0.0110326,-0.003270834,-0.01678943,0.9997928
12.5539916407878,0.003392739,1.149886,0.02851039,-0.01107332,-0.00351932,-0.01691795,0.9997894
12.5677474391276,0.003391117,1.149912,0.02850731,-0.01118068,-0.003797181,-0.01692159,0.9997872
12.5817244899089,0.003389701,1.149956,0.02850359,-0.01136979,-0.004060788,-0.01679565,0.9997861
12.5956633937174,0.003377365,1.150036,0.02849833,-0.01160878,-0.004253474,-0.01692745,0.9997803
12.6094420802409,0.003364218,1.150128,0.02849071,-0.01189313,-0.004411632,-0.01712734,0.9997729
12.6234191310221,0.003345679,1.150221,0.02848765,-0.01221809,-0.004485625,-0.01726452,0.9997663
12.6373275172526,0.003332082,1.150282,0.02849167,-0.01257964,-0.004571401,-0.01725485,0.9997616
12.6510756861979,0.003331093,1.150317,0.02849571,-0.01287202,-0.004651328,-0.01723303,0.9997578
12.6650679957682,0.003327006,1.150324,0.02849264,-0.01308786,-0.004652365,-0.01710054,0.9997573
12.6789916407878,0.003306394,1.150319,0.02846073,-0.01318231,-0.004609475,-0.01682308,0.999761
12.6929458033854,0.00328928,1.150321,0.02841967,-0.01326091,-0.004614648,-0.01650582,0.9997652
12.7066024195964,0.003282754,1.150338,0.02837752,-0.01323701,-0.00454232,-0.01635136,0.9997684
12.7206481349284,0.00329753,1.150348,0.02834264,-0.01320994,-0.004410957,-0.01624533,0.9997711
12.7346862208659,0.003324032,1.150327,0.02830816,-0.01316742,-0.004398051,-0.01626192,0.9997714
12.7483962428385,0.003338594,1.150294,0.0282706,-0.01311287,-0.004279399,-0.01639446,0.9997705
12.7624266993815,0.003356293,1.150289,0.02823167,-0.01308807,-0.004184221,-0.01642592,0.9997706
12.7762130152995,0.00337816,1.150307,0.02819918,-0.01306153,-0.004159034,-0.01639672,0.9997717
12.7899611842448,0.00339373,1.150307,0.02816507,-0.01306506,-0.004099795,-0.01632333,0.999773
12.8039458644206,0.0034128,1.150292,0.02812655,-0.01301326,-0.004098556,-0.01620681,0.9997756
12.8179152858073,0.003434073,1.150311,0.02808636,-0.01290654,-0.004078548,-0.01611949,0.9997785
12.8315413844401,0.003441107,1.150351,0.02804146,-0.01283147,-0.004028643,-0.01629421,0.9997768
12.8456405055339,0.00341608,1.150418,0.02796162,-0.01270191,-0.00385871,-0.01676486,0.9997714
12.8595794093424,0.00337684,1.150431,0.02788212,-0.01263545,-0.003710807,-0.01705109,0.999768
12.8734267604167,0.003347518,1.150358,0.02782259,-0.01254191,-0.003647743,-0.01716983,0.9997672
12.887174929362,0.003330557,1.150291,0.02778058,-0.01262046,-0.003633137,-0.01704091,0.9997686
12.9011748683268,0.003331695,1.150243,0.02774034,-0.0127669,-0.003693181,-0.01666998,0.9997727
12.9150374781901,0.003330696,1.150227,0.02767788,-0.01282208,-0.003735348,-0.01618881,0.9997798
12.9288009059245,0.003328573,1.150192,0.02759214,-0.01260196,-0.003585375,-0.0162094,0.9997828
12.942854250651,0.003318211,1.150146,0.02749933,-0.01246104,-0.003380182,-0.01628408,0.9997841
12.9566787135417,0.003325127,1.150084,0.02740869,-0.01236368,-0.003195153,-0.01629819,0.9997857
12.9704650294596,0.003346525,1.150049,0.02733992,-0.01246827,-0.003123032,-0.01627409,0.999785
12.9844420802409,0.003384944,1.150091,0.02730389,-0.01300025,-0.003117808,-0.01617398,0.9997799
12.9983962428385,0.00344047,1.150217,0.02729686,-0.01356709,-0.003166914,-0.01604185,0.9997743
13.012304629069,0.003513275,1.150364,0.02727495,-0.01395426,-0.003113485,-0.0159732,0.9997702
13.0259993922526,0.003583221,1.150455,0.02723643,-0.01407478,-0.003055354,-0.0161342,0.9997661
13.0400298487956,0.003646975,1.150472,0.02718672,-0.01407511,-0.002980723,-0.01641356,0.9997618
13.0539306056315,0.003727388,1.150455,0.0271305,-0.01411197,-0.002935536,-0.016449,0.9997609
13.0677169215495,0.003817948,1.150444,0.02709077,-0.01423928,-0.0029639,-0.01642635,0.9997593
13.0818007838542,0.003902359,1.150432,0.02705806,-0.01449353,-0.003004289,-0.01631702,0.9997573
13.0957091700846,0.003980257,1.150404,0.02703657,-0.01468029,-0.00300805,-0.01628452,0.9997551
13.1094420802409,0.004096936,1.150381,0.02702932,-0.01489432,-0.00303436,-0.01632539,0.9997512
13.1234649073893,0.004242139,1.150367,0.0270343,-0.01508,-0.003052215,-0.01632515,0.9997484
